id,region,name,category,address,recommend,tourapi_fetched
3532570,가평,레젤프펜션,숙박 > 펜션/민박 > 펜션,경기도 가평군 북면 가화로 2389-16,True,True
3083090,가평,무아레 리조트,숙박 > 펜션/민박 > 펜션,경기도 가평군 청평면 북한강로1636번길 34,True,True
2765676,가평,아난티펜트하우스서울,숙박 > 콘도미니엄 > 콘도,경기도 가평군 설악면 유명로 1007-90,True,True
2570712,가평,옹달샘펜션,숙박 > 펜션/민박 > 펜션,경기도 가평군 설악면 유명산길 108,True,True
2570526,가평,캐슬레이크펜션,숙박 > 펜션/민박 > 펜션,경기도 가평군 청평면 양진길 25,True,True
2814157,가평,프리미엄키즈풀빌라,숙박 > 펜션/민박 > 펜션,경기도 가평군 조종면 현등사길 55-243,True,True
3532761,가평,가평풀빌라스테이청평,숙박 > 펜션/민박 > 펜션,경기도 가평군 청평면 호명리길 151,True,True
3533006,가평,남이섬그랑나랑풀빌라,숙박 > 펜션/민박 > 펜션,경기도 가평군 가평읍 북한강변로 1007-36,True,True
3532768,가평,미가쉴가족펜션,숙박 > 펜션/민박 > 펜션,경기도 가평군 가평읍 북한강변로 1007-50,True,True
2575153,가평,사과향기펜션(사과밭스테이),숙박 > 펜션/민박 > 펜션,경기도 가평군 가평읍 용추로 256,True,True
2626972,가평,아르노펜션,숙박 > 펜션/민박 > 펜션,경기도 가평군 설악면 유명로 2108,True,True
3532711,가평,안스테이,숙박 > 펜션/민박 > 한옥스테이,경기도 가평군 상면 새터길 12-47,True,True
598461,강릉,위너스모텔,숙박 > 모텔 > 모텔,강원특별자치도 강릉시 주문진읍 해안로 1725-3,True,True
3539009,강릉,호텔마레,숙박 > 호텔 > 호텔,강원특별자치도 강릉시 창해로 443 (강문동),True,True
2637983,강릉,호텔메모리,숙박 > 모텔 > 모텔,강원특별자치도 강릉시 주문진읍 주문로 51-1,True,True
3535436,강릉,마운틴모텔,숙박 > 모텔 > 모텔,강원특별자치도 강릉시 경강로2268번길 5 (포남동),True,True
3535304,강릉,정동진모텔,숙박 > 모텔 > 모텔,강원특별자치도 강릉시 강동면 헌화로 1007-13,False,False
3547666,강릉,드림모텔,숙박 > 모텔 > 모텔,강원특별자치도 강릉시 창해로 473 (강문동),True,True
3547821,강릉,신아모텔,숙박 > 모텔 > 모텔,강원특별자치도 강릉시 주문진읍 주문로 128,True,True
2903089,강릉,호텔이스트나인,숙박 > 호텔 > 호텔,강원특별자치도 강릉시 교동광장로100번길 8-6 (교동),True,True
3532217,강릉,아스라,숙박 > 모텔 > 모텔,강원특별자치도 강릉시 옥천로 72-3 (교동),True,True
3537703,강릉,루이스호텔(3성급),숙박 > 호텔 > 호텔,강원특별자치도 강릉시 옥가로50번길 11-1 (옥천동),True,True
3532579,강릉,파인시티호텔,숙박 > 호텔 > 호텔,강원특별자치도 강릉시 옥천로62번길 13 (옥천동),True,True
3537708,강릉,쏠레이빌리지,숙박 > 펜션/민박 > 펜션,강원특별자치도 강릉시 옥계면 금진일출길 33-12,True,True
3537760,강릉,안목을높이다,숙박 > 펜션/민박 > 펜션,강원특별자치도 강릉시 창해로 27 (견소동),True,True
3534703,강릉,스카리아 풀빌라,숙박 > 펜션/민박 > 펜션,강원특별자치도 강릉시 난설헌로 261 (강문동),True,True
3532545,강릉,에이스모텔,숙박 > 모텔 > 모텔,강원특별자치도 강릉시 율곡로2874번길 44 (교동),False,False
2490115,강릉,루소호텔,숙박 > 호텔 > 호텔,강원특별자치도 강릉시 교동광장로100번길 12,True,True
2533423,강릉,호텔여기어때 강릉경포점,숙박 > 모텔 > 모텔,강원특별자치도 강릉시 해안로406번길 13-9 (강문동),True,True
3536362,강릉,루소호텔,숙박 > 호텔 > 호텔,강원특별자치도 강릉시 교동광장로100번길 12 (교동),True,True
587289,강릉,강릉시 청소년 해양수련원,"문화관광 > 레저스포츠시설 > 스포츠센터, 수련시설",강원특별자치도 강릉시 주문진읍 동해대로 4940,False,False
1470072,강릉,다빈치모텔,숙박 > 모텔 > 모텔,강원특별자치도 강릉시 헌화로 920-40,True,True
2595938,강릉,더뷰티호텔,숙박 > 호텔 > 호텔,강원특별자치도 강릉시 옥천로62번길 19,True,True
3022827,강릉,스테이인터뷰 강릉,숙박 > 펜션/민박 > 펜션,강원특별자치도 강릉시 강동면 율곡로 1458,True,True
3072085,강릉,영진한옥애,숙박 > 펜션/민박 > 한옥스테이,강원특별자치도 강릉시 연곡면 홍질목길 16-2,True,True
658849,강릉,카리브모텔,숙박 > 모텔 > 모텔,강원특별자치도 강릉시 강동면 정동진리,True,True
3540044,강릉,5K스파펜텔,숙박 > 펜션/민박 > 펜션,강원특별자치도 강릉시 창해로 363 (강문동),True,True
3532526,강릉,EZ호텔,숙박 > 호텔 > 호텔,강원특별자치도 강릉시 주문진읍 해안로 1735-1,False,False
3545716,강릉,G7 펜션,숙박 > 펜션/민박 > 펜션,강원특별자치도 강릉시 주문진읍 해안로 1939-8,True,True
3534423,강릉,H.AVENUE 호텔,숙박 > 호텔 > 호텔,강원특별자치도 강릉시 창해로 423 (강문동),True,True
3537637,강릉,K모텔,숙박 > 모텔 > 모텔,강원특별자치도 강릉시 옥천로71번길 3 (옥천동),True,True
3535176,강릉,SKY모텔,숙박 > 모텔 > 모텔,강원특별자치도 강릉시 교동광장로100번길 13 (교동),True,True
3537737,강릉,We펜션,숙박 > 펜션/민박 > 펜션,강원특별자치도 강릉시 창해로 10-1 (견소동),True,True
3547826,강릉,ZIV지브,숙박 > 펜션/민박 > 펜션,강원특별자치도 강릉시 주문진읍 해안로 1935,True,True
4074363,강릉,강릉강변스테이,숙박 > 호스텔 > 게스트하우스,강원특별자치도 강릉시 강변로372번길 18 (입암동),True,True
3534495,강릉,강릉바다 화이트비치,숙박 > 펜션/민박 > 펜션,강원특별자치도 강릉시 사천면 진리해변길 83-1,True,True
3535524,강릉,강릉엘모텔,숙박 > 모텔 > 모텔,강원특별자치도 강릉시 성덕포남로149번길 14 (포남동),True,True
3539791,강릉,강문애,숙박 > 호스텔 > 게스트하우스,강원특별자치도 강릉시 창해로 245 (강문동),True,True
3537620,강릉,게스트하우스아카펠라,숙박 > 호스텔 > 게스트하우스,강원특별자치도 강릉시 동부시장3길 7 (옥천동),True,True
3534252,강릉,경포 그곳에가면,숙박 > 펜션/민박 > 펜션,강원특별자치도 강릉시 해안로 381-2 (초당동),True,True
3534228,강릉,경포대 산호 펜션,숙박 > 펜션/민박 > 펜션,강원특별자치도 강릉시 해안로406번길 13-5 (강문동),True,True
3540838,강릉,경포대오션호텔,숙박 > 모텔 > 모텔,강원특별자치도 강릉시 해안로406번길 13-7 (강문동),True,True
3540230,강릉,고심스테이,숙박 > 펜션/민박 > 펜션,강원특별자치도 강릉시 사천면 너다리길 87,True,True
3534426,강릉,굿모닝모텔,숙박 > 모텔 > 모텔,강원특별자치도 강릉시 창해로 293 (강문동),False,False
3536383,강릉,"기억스테이(ㄱstay), 메모리스테이",숙박 > 펜션/민박 > 펜션,강원특별자치도 강릉시 창해로370번길 3 (강문동),True,True
3547676,강릉,나인모텔(9MOTEL),숙박 > 모텔 > 모텔,강원특별자치도 강릉시 강릉대로 267-1 (교동),True,True
3543234,강릉,니스파크,숙박 > 펜션/민박 > 펜션,강원특별자치도 강릉시 경강로2103번길 10 (임당동),True,True
3537835,강릉,당신의안목,숙박 > 펜션/민박 > 펜션,강원특별자치도 강릉시 창해로14번길 6 (견소동),True,True
3537693,강릉,대일모텔,숙박 > 모텔 > 모텔,강원특별자치도 강릉시 동부시장길 37 (옥천동),False,False
3547852,강릉,더강문,숙박 > 펜션/민박 > 펜션,강원특별자치도 강릉시 해안로 376 (초당동),True,True
3536519,강릉,더원,숙박 > 펜션/민박 > 펜션,강원특별자치도 강릉시 주문진읍 해안로 1933-1,True,True
3537689,강릉,동경모텔,숙박 > 모텔 > 모텔,강원특별자치도 강릉시 옥천로 66-8 (옥천동),True,True
3547877,강릉,동궁장모텔,숙박 > 모텔 > 모텔,강원특별자치도 강릉시 경강로 2220 (포남동),True,True
3542939,강릉,동아호텔,숙박 > 호텔 > 호텔,강원특별자치도 강릉시 경강로 2080 (임당동),True,True
3532542,강릉,동해휘닉스모텔,숙박 > 모텔 > 모텔,강원특별자치도 강릉시 연곡면 진고개로 2726-6,False,False
3547880,강릉,드림파크,숙박 > 모텔 > 모텔,강원특별자치도 강릉시 성덕포남로149번길 8 (포남동),True,True
3537686,강릉,라라,숙박 > 모텔 > 모텔,강원특별자치도 강릉시 옥천로62번길 6 (옥천동),True,True
3532563,강릉,리베라모텔,숙박 > 모텔 > 모텔,강원특별자치도 강릉시 용지로 147 (옥천동),True,True
3534096,강릉,리비에라,숙박 > 펜션/민박 > 펜션,강원특별자치도 강릉시 연곡면 해안로 1461-1,True,True
3532590,강릉,리프레시,숙박 > 펜션/민박 > 펜션,강원특별자치도 강릉시 연곡면 진고개로 1424-27,True,True
3542629,강릉,마이앤트세라,숙박 > 펜션/민박 > 펜션,강원특별자치도 강릉시 사천면 가둔지길 36,True,True
3535335,강릉,만수파크,숙박 > 모텔 > 모텔,강원특별자치도 강릉시 성덕포남로153번길 38 (포남동),True,True
3542654,강릉,망상비치 펜션,숙박 > 호텔 > 호텔,강원특별자치도 강릉시 옥계면 도직길 7-12,True,True
3533780,강릉,메인모텔,숙박 > 모텔 > 모텔,강원특별자치도 강릉시 옥계면 현내시장길 17,True,True
3540321,강릉,모나리자모텔,숙박 > 모텔 > 모텔,강원특별자치도 강릉시 옥천로 72-7 (교동),False,False
3537735,강릉,모텔 드라마,숙박 > 모텔 > 모텔,강원특별자치도 강릉시 옥천로 72-9 (교동),True,True
3540945,강릉,모텔 산토리니,숙박 > 모텔 > 모텔,강원특별자치도 강릉시 창해로 473 (강문동),True,True
3535334,강릉,모텔 휴,숙박 > 모텔 > 모텔,강원특별자치도 강릉시 경강로2302번길 7 (포남동),True,True
3535210,강릉,모텔몽,숙박 > 모텔 > 모텔,강원특별자치도 강릉시 교동광장로 116 (교동),True,True
3532568,강릉,모텔포시즌,숙박 > 모텔 > 모텔,강원특별자치도 강릉시 옥천로62번길 9 (옥천동),True,True
3534790,강릉,몽블랑모텔,숙박 > 모텔 > 모텔,강원특별자치도 강릉시 교동광장로100번길 8-5 (교동),False,False
3532216,강릉,미도펜션,숙박 > 펜션/민박 > 펜션,강원특별자치도 강릉시 공항길 139 (남항진동),True,True
3532559,강릉,미리내민박(진고개로),숙박 > 펜션/민박 > 펜션,강원특별자치도 강릉시 연곡면 진고개로 1449,True,True
3537664,강릉,미성장모텔,숙박 > 모텔 > 모텔,강원특별자치도 강릉시 옥천로65번길 10-2 (옥천동),True,True
3547635,강릉,바다여행,숙박 > 모텔 > 모텔,강원특별자치도 강릉시 강동면 정동5길 10,True,True
3535297,강릉,벨라지오,숙박 > 모텔 > 모텔,강원특별자치도 강릉시 강릉대로 265-7 (교동),True,True
3540290,강릉,브이모텔,숙박 > 모텔 > 모텔,강원특별자치도 강릉시 용지각길 33 (포남동),True,True
3541983,강릉,블루스테이,숙박 > 펜션/민박 > 펜션,강원특별자치도 강릉시 창해로350번길 21 (강문동),True,True
3532430,강릉,블루콘텔,숙박 > 모텔 > 모텔,강원특별자치도 강릉시 주문진읍 항구윗길 16,True,True
3536410,강릉,비너스모텔,숙박 > 모텔 > 모텔,강원특별자치도 강릉시 율곡로2874번길 42 (교동),True,True
3535302,강릉,비치힐모텔,숙박 > 모텔 > 모텔,강원특별자치도 강릉시 강동면 헌화로 976-4,True,True
3543317,강릉,빌리언스,숙박 > 모텔 > 모텔,강원특별자치도 강릉시 강동면 안인진길 27-2,True,True
3547776,강릉,사파리모텔,숙박 > 모텔 > 모텔,강원특별자치도 강릉시 경강로2268번길 7 (포남동),True,True
3539443,강릉,산성펜션텔,숙박 > 펜션/민박 > 펜션,강원특별자치도 강릉시 강동면 산성우리길 12-5,True,True
3536905,강릉,산에언덕에펜션,숙박 > 펜션/민박 > 펜션,강원특별자치도 강릉시 연곡면 진고개로 1016,True,True
3536399,강릉,삼부모텔,숙박 > 모텔 > 모텔,강원특별자치도 강릉시 강릉대로 261-6 (교동),True,True
3535259,강릉,센트럴모텔,숙박 > 모텔 > 모텔,강원특별자치도 강릉시 강릉대로228번길 15 (옥천동),True,True
3536413,강릉,셀몬모텔,숙박 > 모텔 > 모텔,강원특별자치도 강릉시 율곡로2874번길 33 (교동),True,True
3541941,강릉,소금강늘벗,숙박 > 펜션/민박 > 펜션,강원특별자치도 강릉시 연곡면 진고개로 1009,True,True
3536900,강릉,소금강모텔,숙박 > 모텔 > 모텔,강원특별자치도 강릉시 연곡면 싸리골길 5,False,False
3538025,강릉,소금강펜션민박,숙박 > 펜션/민박 > 펜션,강원특별자치도 강릉시 연곡면 진고개로 1347-11,True,True
3537880,강릉,솔게스트하우스 정동진점,숙박 > 호스텔 > 게스트하우스,강원특별자치도 강릉시 강동면 헌화로 1096-1,True,True
3536424,강릉,솔빛모텔,숙박 > 모텔 > 모텔,강원특별자치도 강릉시 옥천로 66-20 (옥천동),True,True
3534147,강릉,솔빛아래,숙박 > 펜션/민박 > 펜션,강원특별자치도 강릉시 연곡면 송림웃둔지길 64-2,True,True
3534304,강릉,솔올파크,숙박 > 모텔 > 모텔,강원특별자치도 강릉시 하슬라로192번길 14 (교동),True,True
3532452,강릉,솔향기펜션,숙박 > 펜션/민박 > 펜션,강원특별자치도 강릉시 경포로371번길 63-4 (저동),True,True
3536375,강릉,숨어있는 집,숙박 > 펜션/민박 > 펜션,강원특별자치도 강릉시 창해로362번길 11-1 (강문동),True,True
3538419,강릉,슈밍게스트하우스,숙박 > 호스텔 > 게스트하우스,강원특별자치도 강릉시 강릉대로 272 (교동),True,True
3535269,강릉,시드니모텔(구 피크닉모텔),숙박 > 모텔 > 모텔,강원특별자치도 강릉시 강릉대로 84 (홍제동),True,True
3532543,강릉,신리모텔,숙박 > 모텔 > 모텔,강원특별자치도 강릉시 주문진읍 해안2길 6-1,True,True
3532262,강릉,썬옥 호텔,숙박 > 호텔 > 호텔,강원특별자치도 강릉시 옥계면 헌화로 189,True,True
3547789,강릉,썸모텔,숙박 > 모텔 > 모텔,강원특별자치도 강릉시 정원로 60 (교동),False,False
3538983,강릉,씨웰빙하우스,숙박 > 모텔 > 모텔,강원특별자치도 강릉시 창해로14번길 40-4 (견소동),True,True
3544605,강릉,아가바라펜션,숙박 > 펜션/민박 > 펜션,강원특별자치도 강릉시 강릉대로 265-6 (교동),True,True
3532274,강릉,아이리스 스테이,숙박 > 펜션/민박 > 펜션,강원특별자치도 강릉시 창해로 255 (강문동),True,True
3537795,강릉,안목26펜션,숙박 > 펜션/민박 > 펜션,강원특별자치도 강릉시 창해로14번길 26 (견소동),True,True
3547803,강릉,안씨하우스(AnC House),숙박 > 호스텔 > 게스트하우스,강원특별자치도 강릉시 경강로2115번길 18 (옥천동),True,True
3539408,강릉,안인장모텔 (안인모텔),숙박 > 모텔 > 모텔,강원특별자치도 강릉시 강동면 안인진길 19,True,True
3539426,강릉,안인펜션,숙박 > 펜션/민박 > 펜션,강원특별자치도 강릉시 강동면 안인진길 20,True,True
3535323,강릉,에쿠스모텔,숙박 > 모텔 > 모텔,강원특별자치도 강릉시 홍제로85번길 34 (홍제동),False,False
3538535,강릉,엘마르모텔,숙박 > 모텔 > 모텔,강원특별자치도 강릉시 창해로 23 (견소동),False,False
3539766,강릉,엠모텔,숙박 > 모텔 > 모텔,강원특별자치도 강릉시 강동면 산성우리길 13,True,True
3541854,강릉,오붓한 강릉,숙박 > 펜션/민박 > 펜션,강원특별자치도 강릉시 사천면 가둔지길 24,True,True
3537855,강릉,오션그레이트펜션,숙박 > 펜션/민박 > 펜션,강원특별자치도 강릉시 강동면 헌화로 982-20,True,True
3539761,강릉,오아시스모텔,숙박 > 모텔 > 모텔,강원특별자치도 강릉시 강동면 헌화로 899,True,True
3532464,강릉,올인모텔,숙박 > 모텔 > 모텔,강원특별자치도 강릉시 중앙시장2길 10-6 (성남동),True,True
3539901,강릉,욜로호텔앤펜션,숙박 > 펜션/민박 > 펜션,강원특별자치도 강릉시 주문진읍 항구윗길 13,True,True
3541940,강릉,우진황토펜션,숙박 > 펜션/민박 > 펜션,강원특별자치도 강릉시 연곡면 진고개로 1001,True,True
3532232,강릉,워싱턴모텔,숙박 > 모텔 > 모텔,강원특별자치도 강릉시 홍제로85번길 14 (홍제동),True,True
3536439,강릉,웨이블루,숙박 > 펜션/민박 > 펜션,강원특별자치도 강릉시 옥천로 66-20 (옥천동),True,True
3540971,강릉,위드호텔,숙박 > 모텔 > 모텔,강원특별자치도 강릉시 옥천로65번길 2-5 (옥천동),True,True
3540952,강릉,인터파크,숙박 > 모텔 > 모텔,강원특별자치도 강릉시 창해로 21 (견소동),True,True
1874470,강릉,정동진 백악관,숙박 > 펜션/민박 > 펜션,강원특별자치도 강릉시 강동면 율곡로 1134,True,True
3539720,강릉,정동휘닉스모텔,숙박 > 모텔 > 모텔,강원특별자치도 강릉시 강동면 헌화로 1007-15,True,True
3536894,강릉,캐빈,숙박 > 펜션/민박 > 펜션,강원특별자치도 강릉시 금성로61번길 13 (성남동),True,True
3539026,강릉,캡슐인강릉,숙박 > 호스텔 > 게스트하우스,강원특별자치도 강릉시 창해로 352-1 (강문동),True,True
3547640,강릉,캣츠모텔,숙박 > 모텔 > 모텔,강원특별자치도 강릉시 하슬라로 150 (교동),True,True
3539959,강릉,코리아모텔,숙박 > 모텔 > 모텔,강원특별자치도 강릉시 주문진읍 신리천로 36,False,False
3534477,강릉,코스테,숙박 > 펜션/민박 > 펜션,강원특별자치도 강릉시 사천면 해안로 725-2,True,True
3536422,강릉,퀴스테,숙박 > 펜션/민박 > 펜션,강원특별자치도 강릉시 난설헌로 259 (강문동),True,True
3534459,강릉,"타워텔, 타워모텔",숙박 > 모텔 > 모텔,강원특별자치도 강릉시 성덕포남로153번길 8 (포남동),True,True
3537953,강릉,태화펜션,숙박 > 펜션/민박 > 펜션,강원특별자치도 강릉시 강동면 헌화로 906-9,True,True
3536459,강릉,테레인바이더블류(Terrain by W),숙박 > 펜션/민박 > 펜션,강원특별자치도 강릉시 해안로 370 (초당동),True,True
3537663,강릉,팔레스모텔,숙박 > 모텔 > 모텔,강원특별자치도 강릉시 옥천로 68 (옥천동),True,True
3536898,강릉,페리아902,숙박 > 펜션/민박 > 펜션,강원특별자치도 강릉시 사천면 해안로 902,True,True
3534731,강릉,펜션 티케하우스,숙박 > 펜션/민박 > 펜션,강원특별자치도 강릉시 구정면 수목원길 45,True,True
3537931,강릉,펜션JD38,숙박 > 펜션/민박 > 펜션,강원특별자치도 강릉시 강동면 정동등명길 38,True,True
3539694,강릉,풀하우스,숙박 > 모텔 > 모텔,강원특별자치도 강릉시 강동면 정동역길 26,True,True
3540179,강릉,피크닉모텔,숙박 > 모텔 > 모텔,강원특별자치도 강릉시 홍제로85번길 24 (홍제동),True,True
3534515,강릉,하이모텔,숙박 > 모텔 > 모텔,강원특별자치도 강릉시 동부시장길 39 (옥천동),True,True
3540259,강릉,한옥스테이 파인앤프렌즈,숙박 > 펜션/민박 > 한옥스테이,강원특별자치도 강릉시 팔송길15번길 10 (송정동),True,True
3539522,강릉,해맞이모텔,숙박 > 모텔 > 모텔,강원특별자치도 강릉시 강동면 율곡로 1847-21,True,True
3539462,강릉,해오름모텔,숙박 > 모텔 > 모텔,강원특별자치도 강릉시 강동면 정동역길 18-5,True,True
3536556,강릉,해품달펜션,숙박 > 펜션/민박 > 펜션,강원특별자치도 강릉시 사천면 해살이길 19-15,True,True
3532544,강릉,해피모텔,숙박 > 모텔 > 모텔,강원특별자치도 강릉시 주문진읍 시장길 23,False,False
3538399,강릉,현대모텔,숙박 > 모텔 > 모텔,강원특별자치도 강릉시 사천면 방동길 61,True,True
3541981,강릉,호텔 스완 (Hotel Swan),숙박 > 모텔 > 모텔,강원특별자치도 강릉시 해안로 412 (강문동),True,True
3540825,강릉,호텔랑,숙박 > 모텔 > 모텔,강원특별자치도 강릉시 창해로 435 (강문동),False,False
3540395,강릉,호텔주노,숙박 > 모텔 > 모텔,강원특별자치도 강릉시 창해로 441 (강문동),True,True
3534767,강릉,힐링캠프 예서원,숙박 > 펜션/민박 > 펜션,강원특별자치도 강릉시 구정면 구정옥봉길 161,True,True
2608081,강진,여락재,숙박 > 펜션/민박 > 한옥스테이,전남광주통합특별시 강진군 달빛한옥길 38  ,True,True
3532937,강진,강진 자연드림,숙박 > 펜션/민박 > 펜션,전남광주통합특별시 강진군 대구면 백사1길 38,True,True
2697421,강진,달빛미소,숙박 > 호텔 > 호텔,전남광주통합특별시 강진군 성전면 달빛한옥길 49,True,True
2621370,강진,태양아래월출산,숙박 > 펜션/민박 > 한옥스테이,전남광주통합특별시 강진군 성전면 달빛한옥길 17-4,True,True
2569713,거제,하늘테라스관광펜션(하늘테라스펜션),숙박 > 펜션/민박 > 펜션,경상남도 거제시 장목면 옥포대첩로 536-16,True,True
397642,거제,거제 썬트리팜리조트,숙박 > 호스텔 > 유스호스텔,경상남도 거제시 남부면 거제대로 283,True,True
138703,거제,거제도 펜션팔색조,숙박 > 펜션/민박 > 펜션,경상남도 거제시 일운면 북병산로 460,True,True
2569057,거제,나무향기펜션,숙박 > 펜션/민박 > 펜션,경상남도 거제시 일운면 소동4길 54,True,True
139907,거제,바다추억,숙박 > 펜션/민박 > 펜션,경상남도 거제시 동부면 고촌길 29,True,True
138559,거제,블루밍모텔,숙박 > 모텔 > 모텔,경상남도 거제시 옥포로6길 33,True,True
139689,거제,섬마을펜션,숙박 > 펜션/민박 > 펜션,경상남도 거제시 일운면 거제대로 1988-10,True,True
138791,거제,카올린비앤비 펜션,숙박 > 펜션/민박 > 펜션,경상남도 거제시 일운면 반송재로 562,True,True
138794,거제,티파니스파호텔,숙박 > 모텔 > 모텔,경상남도 거제시 동부면 거제중앙로 3,True,True
2629710,거제,풍차언덕관광펜션,숙박 > 펜션/민박 > 펜션,경상남도 거제시 일운면 거제대로 2210,True,True
138784,거제,학동몽돌펜션,숙박 > 펜션/민박 > 펜션,경상남도 거제시 동부면 학동3길 21,True,True
138944,거제,해림펜션,숙박 > 펜션/민박 > 펜션,경상남도 거제시 일운면 와현로 270,True,True
1855463,거제,거제더비치펜션,숙박 > 펜션/민박 > 펜션,경상남도 거제시 장목면 거제북로 2738-1,True,True
2578490,거제,거제오션호텔,숙박 > 호텔 > 호텔,경상남도 거제시 옥포로2길 13,True,True
2578694,거제,아르누보스위트호텔,숙박 > 호텔 > 호텔,경상남도 거제시 장평1로 13,True,True
2622872,거제,큐브아일랜드,숙박 > 펜션/민박 > 펜션,경상남도 거제시 하청면 칠천로 269,True,True
142893,경주,코오롱호텔,숙박 > 호텔 > 호텔,경상북도 경주시 불국로 289-17 (마동),False,False
912647,경주,경주애견펜션 노비오스,숙박 > 펜션/민박 > 펜션,경상북도 경주시 진티길 37-4,True,True
2531281,경주,구토란펜션,숙박 > 펜션/민박 > 펜션,경상북도 경주시 귀계길 17-25,True,True
2814160,경주,불국사한옥팜스테이,숙박 > 펜션/민박 > 한옥스테이,경상북도 경주시 진티길 5-52,True,True
2569552,경주,셔블,숙박 > 펜션/민박 > 한옥스테이,경상북도 경주시 포석로1092번길 26-1,True,True
4039810,경주,스테이꼬리,숙박 > 펜션/민박 > 한옥스테이,경상북도 경주시 포석로 816-40 (배동),True,True
138363,경주,일성 경주보문콘도&리조트,문화관광 > 복합관광시설 > 리조트,경상북도 경주시 보문로 365,False,False
2576540,경주,풍정(풍정게스트하우스),숙박 > 펜션/민박 > 한옥스테이,경상북도 경주시 원효로272번길 5,True,True
142892,경주,힐튼 경주,숙박 > 호텔 > 호텔,경상북도 경주시 보문로 484-7 (신평동),True,True
2663054,경주,경주 춘추관,숙박 > 펜션/민박 > 한옥스테이,경상북도 경주시 대경로 4821-5,True,True
2603652,경주,경주한옥,숙박 > 펜션/민박 > 한옥스테이,경상북도 경주시 도초길 124-31,True,True
3532956,경주,경주황리단길숙소 한옥스테이 목화,숙박 > 펜션/민박 > 한옥스테이,경상북도 경주시 포석로1068번길 15-11 (황남동),True,True
3533117,경주,고대안풀빌라펜션,숙박 > 펜션/민박 > 펜션,경상북도 경주시 감포읍 가래실길 135,True,True
3532990,경주,더옐로우,숙박 > 펜션/민박 > 한옥스테이,경상북도 경주시 금성로196번길 5 (사정동),True,True
3533116,경주,덕만재,숙박 > 펜션/민박 > 한옥스테이,경상북도 경주시 하강선길 43-16 (보문동),True,True
2613254,경주,도봉서당,숙박 > 펜션/민박 > 한옥스테이,경상북도 경주시 서악4길 58,True,True
2604344,경주,락희원,숙박 > 펜션/민박 > 한옥스테이,경상북도 경주시 포석로1050번길 43,True,True
3533168,경주,모모제인,숙박 > 호스텔 > 게스트하우스,경상북도 경주시 동성로 129-7 (황오동),True,True
2603674,경주,문화공간 진,숙박 > 호텔 > 호텔,경상북도 경주시 동성로 83,True,True
3532927,경주,별사이,숙박 > 펜션/민박 > 펜션,경상북도 경주시 노하길 27-11 (서악동),True,True
2587355,경주,소이한옥,숙박 > 펜션/민박 > 한옥스테이,경상북도 경주시 첨성로81번길 22-4,True,True
3532883,경주,소풍한옥풀빌라,숙박 > 펜션/민박 > 한옥스테이,경상북도 경주시 북군3길 12-58 (북군동),True,True
3532717,경주,스테이 안김A,숙박 > 펜션/민박 > 한옥스테이,경상북도 경주시 첨성로99번길 26-5 (황남동),True,True
4072014,경주,스테이 화녹,숙박 > 펜션/민박 > 한옥스테이,경상북도 경주시 도초길 124-23 (율동),True,True
3533166,경주,아담게스트하우스,숙박 > 호스텔 > 게스트하우스,경상북도 경주시 첨성로49번길 24-4 (사정동),True,True
2628004,경주,에스지빌라앤호텔(미동의),숙박 > 펜션/민박 > 펜션,경상북도 경주시 감포읍 동해안로 1819-23,True,True
2607653,경주,오람정,숙박 > 펜션/민박 > 한옥스테이,경상북도 경주시 내남면 내남로 393-62,True,True
3102073,경주,오원 스테이,숙박 > 펜션/민박 > 한옥스테이,경상북도 경주시 사정로50번길 3-4 (사정동),True,True
2613097,경주,월암재,숙박 > 펜션/민박 > 한옥스테이,경상북도 경주시 남간안길 5-10,True,True
3532598,경주,월하,숙박 > 펜션/민박 > 한옥스테이,경상북도 경주시 북성로51번길 7 (서부동),True,True
3532605,경주,조각집,숙박 > 펜션/민박 > 한옥스테이,경상북도 경주시 북성로 80-12 (동부동),True,True
3532948,경주,하녹명당,숙박 > 펜션/민박 > 한옥스테이,경상북도 경주시 포석로1092번길 28 (황남동),True,True
3438592,경주,한옥스테이 다가감,숙박 > 펜션/민박 > 한옥스테이,경상북도 경주시 첨성로99번길 22-2 (황남동),True,True
3532970,경주,한옥스테이 유유자적,숙박 > 펜션/민박 > 한옥스테이,경상북도 경주시 국당안길 3 (사정동),True,True
3532968,경주,황남별채,숙박 > 펜션/민박 > 한옥스테이,경상북도 경주시 금성로196번길 15-3 (사정동),True,True
3533167,경주,황남채,숙박 > 펜션/민박 > 한옥스테이,경상북도 경주시 손효자길 7-8 (황남동),True,True
2603913,경주,후연지한옥펜션,숙박 > 펜션/민박 > 한옥스테이,경상북도 경주시 내남면 포석로 435-9,True,True
2574195,고성(강원),까사델아야,숙박 > 펜션/민박 > 펜션,강원특별자치도 고성군 토성면 아야진해변길 19,True,True
4097702,고성(강원),델피노,문화관광 > 복합관광시설 > 리조트,강원특별자치도 고성군 토성면 미시령옛길 1153,True,True
2941159,고성(강원),서로재,숙박 > 펜션/민박 > 펜션,강원특별자치도 고성군 죽왕면 봉수대길 118,True,True
3533115,고성(강원),크로톤풀빌라,숙박 > 펜션/민박 > 펜션,강원특별자치도 고성군 죽왕면 교암2길 40,True,True
2579457,고성(경남),갈모봉 힐링스테이,숙박 > 펜션/민박 > 펜션,경상남도 고성군 고성읍 이당5길 149-21,True,True
2893601,고양,룩소르 호텔,숙박 > 모텔 > 모텔,경기도 고양시 일산서구 강성로 253 (대화동),True,True
137499,고창,고창 선운산 유스호스텔,숙박 > 호스텔 > 유스호스텔,전북특별자치도 고창군 아산면 선운사로 158-36,True,True
1507015,고흥,빅토리아호텔,숙박 > 호텔 > 호텔,전남광주통합특별시 고흥군 도화면 천마로 2736-29,True,True
3532595,고흥,오브헤리티지,숙박 > 펜션/민박 > 한옥스테이,전남광주통합특별시 고흥군 도양읍 용정등넘길 73,True,True
2628737,곡성,좋은세상리조트 글램핑펜션,숙박 > 펜션/민박 > 펜션,전남광주통합특별시 곡성군 죽곡면 대황강로 1397-45,True,True
2854631,공주,공주하숙마을,숙박 > 펜션/민박 > 펜션,충청남도 공주시 당간지주길 21,True,True
4072013,공주,라이트풀,숙박 > 펜션/민박 > 펜션,충청남도 공주시 의당면 의당전의로 1231-100,True,True
3438570,공주,렛스테이,숙박 > 펜션/민박 > 한옥스테이,충청남도 공주시 제민천3길 66 (중동),True,True
3532618,공주,산성동그곳,숙박 > 펜션/민박 > 한옥스테이,충청남도 공주시 산성찬호길 15 (산성동),True,True
3438569,공주,아담,숙박 > 펜션/민박 > 한옥스테이,충청남도 공주시 대통1길 21 (봉황동),True,True
2801966,공주,한적한가,숙박 > 펜션/민박 > 펜션,충청남도 공주시 한적2길 47-25,True,True
2586166,공주,황토한옥고마,숙박 > 펜션/민박 > 한옥스테이,충청남도 공주시 미나리1길 18-4,True,True
2783305,광양,해마루호텔,숙박 > 호텔 > 호텔,전남광주통합특별시 광양시 항만9로 113 (중동),True,True
1932612,광양,하버브릿지호텔,숙박 > 모텔 > 모텔,전남광주통합특별시 광양시 항만12로 15,True,True
701870,광주,브리브 광주 바이 롯데호텔,숙박 > 호텔 > 호텔,전남광주통합특별시 서구 상무자유로 149,True,True
2533432,광주,호텔여기어때 광주백운점,숙박 > 모텔 > 모텔,전남광주통합특별시 남구 독립로 23-1,True,True
136416,광주,금수장관광호텔,숙박 > 호텔 > 호텔,전남광주통합특별시 동구 무등로321번길 2,True,True
136422,광주,애플모텔,숙박 > 모텔 > 모텔,전남광주통합특별시 서구 월드컵4강로181번길 35-1,True,True
2779463,광주,이끌림 비지니스호텔 하남,숙박 > 호텔 > 호텔,전남광주통합특별시 광산구 무진대로212번길 14-27 (우산동),True,True
2534238,광주,호텔여기어때 광주충장로점,숙박 > 모텔 > 모텔,전남광주통합특별시 동구 서석로7번길 3,True,True
3049825,광주,일번지 부티크 호텔,숙박 > 호텔 > 호텔,전남광주통합특별시 동구 천변우로 355 (수기동),True,True
3544316,괴산,사담관광농원캠핑,숙박 > 펜션/민박 > 펜션,충청북도 괴산군 청천면 괴산로 197,True,True
1932599,구례,지리피아펜션,숙박 > 모텔 > 모텔,전남광주통합특별시 구례군 토지면 섬진강대로 4310-33,True,True
2607706,구례,곡전재,숙박 > 펜션/민박 > 한옥스테이,전남광주통합특별시 구례군 토지면 곡전재길 15-2,True,True
3438591,구례,구례 문 한옥 게스트 하우스,숙박 > 펜션/민박 > 한옥스테이,전남광주통합특별시 구례군 광의면 은행정1길 27-5,True,True
1365671,구례,산동약수장,숙박 > 모텔 > 모텔,전남광주통합특별시 구례군 산동면 지리산온천로 146,True,True
2622707,구례,지리산휴가관광펜션,숙박 > 펜션/민박 > 펜션,전남광주통합특별시 구례군 구례읍 산수동1길 87,True,True
2571982,구미,YOU & I (유앤아이)(구미 유앤아이펜션),숙박 > 펜션/민박 > 펜션,경상북도 구미시 금오산상가길 21-5,False,False
2637906,군산,H(에이치)모텔,숙박 > 모텔 > 모텔,전북특별자치도 군산시 죽성로 33-5 홍인장모텔,True,True
2571945,군산,산들 게스트하우스,숙박 > 호스텔 > 게스트하우스,전북특별자치도 군산시 동국사길 7-3,True,True
2569427,군산,다호,숙박 > 호스텔 > 게스트하우스,전북특별자치도 군산시 구영7길 101,True,True
2569522,군산,더샾모텔,숙박 > 모텔 > 모텔,전북특별자치도 군산시 서래내길 39,True,True
2569537,군산,동국(게스트하우스 동국),숙박 > 호스텔 > 게스트하우스,전북특별자치도 군산시 동국사길 7,True,True
3532632,군산,등불의 집,숙박 > 호스텔 > 게스트하우스,전북특별자치도 군산시 구영신창길 64 (신창동),True,True
1629060,군산,유로빌리지,숙박 > 펜션/민박 > 펜션,전북특별자치도 군산시 옥구읍 신장길 26,True,True
2570400,군산,짬모텔,숙박 > 모텔 > 모텔,전북특별자치도 군산시 미원1길 9 (미원동),True,True
2570406,군산,차칸호텔,숙박 > 모텔 > 모텔,전북특별자치도 군산시 소룡1길 58,True,True
2570423,군산,책방,숙박 > 호스텔 > 게스트하우스,전북특별자치도 군산시 구영5길 100,True,True
2570586,군산,하늘,숙박 > 호스텔 > 게스트하우스,전북특별자치도 군산시 구영3길 72,True,True
2570623,군산,행복을 꿈꾸는 게스트하우스,숙박 > 호스텔 > 게스트하우스,전북특별자치도 군산시 구영7길 7 행복을 꿈꾸는 게스트하우스,True,True
4065036,금산,스테이로이,숙박 > 펜션/민박 > 한옥스테이,충청남도 금산군 금산읍 아인길 48,True,True
3438568,금산,스테이 경화,숙박 > 펜션/민박 > 펜션,충청남도 금산군 남일면 금산로 214-52,True,True
3438572,금산,스테이 노아,숙박 > 펜션/민박 > 한옥스테이,충청남도 금산군 금산읍 은엉정1길 12-1,True,True
143003,김천,김천파크 관광호텔,숙박 > 호텔 > 호텔,경상북도 김천시 대항면 황학동길 35-23,True,True
2870042,김포,김포 브라운도트 호텔,숙박 > 호텔 > 호텔,경기도 김포시 태장로795번길 123 (장기동),True,True
2574186,김포,김포아트빌리지 전통한옥숙박체험관,숙박 > 펜션/민박 > 한옥스테이,경기도 김포시 모담공원로 170 (운양동),True,True
2603550,김해,무척산관광예술원,숙박 > 펜션/민박 > 한옥스테이,경상남도 김해시 생림면 안양로358번길 38,True,True
981384,나주,중흥골드스파&리조트,문화관광 > 복합관광시설 > 리조트,전남광주통합특별시 나주시 다도면 나주호로 558-314,True,True
3080070,나주,레이크45호텔,숙박 > 모텔 > 모텔,전남광주통합특별시 나주시 배멧3길 5-4 (빛가람동),True,True
2621304,나주,영산나루,숙박 > 호스텔 > 게스트하우스,전남광주통합특별시 나주시 주면1길 14,True,True
3533113,나주,금천재,숙박 > 펜션/민박 > 한옥스테이,전남광주통합특별시 나주시 금천면 금영로 954-14,True,True
3533114,나주,스테이여유담,숙박 > 펜션/민박 > 한옥스테이,전남광주통합특별시 나주시 남평읍 동촌로 226,True,True
3438589,나주,윤은재,숙박 > 펜션/민박 > 한옥스테이,전남광주통합특별시 나주시 향교길 36-14 (교동),True,True
3438052,나주,중정독채,숙박 > 펜션/민박 > 한옥스테이,전남광주통합특별시 나주시 금성관길 43-4 (산정동),True,True
3438590,나주,중정별채,숙박 > 펜션/민박 > 한옥스테이,전남광주통합특별시 나주시 노안면 금안한옥길 43,True,True
3085197,남양주,저스트스위트호텔 다산로데오점,숙박 > 호텔 > 호텔,경기도 남양주시 다산중앙로123번길 9 (다산동),True,True
3532770,남양주,월하고택,숙박 > 펜션/민박 > 한옥스테이,경기도 남양주시 수동면 비룡로 981-2,True,True
3469399,남원,명지각,숙박 > 호텔 > 호텔,전북특별자치도 남원시 고샘길 57 (금동),True,True
1351056,남원,지리산유스캠프,숙박 > 호스텔 > 유스호스텔,전북특별자치도 남원시 주천면 웅치윗길 133-5,True,True
2618560,남원,지리산대호펜션 (지리산대호관광펜션),숙박 > 펜션/민박 > 펜션,전북특별자치도 남원시 산내면 산내달궁길 10,True,True
3040204,남원,함파우소리체험관,숙박 > 펜션/민박 > 한옥스테이,전북특별자치도 남원시 술미안길 14-19 (노암동),True,True
2585278,남원,지리산프리방스,숙박 > 펜션/민박 > 펜션,전북특별자치도 남원시 주천면 원천로 345-34,True,True
3049858,남해,맨하탄호텔,숙박 > 모텔 > 모텔,경상남도 남해군 남해읍 화전로 60-3,True,True
1997502,남해,남해펜션920,숙박 > 펜션/민박 > 펜션,경상남도 남해군 남면 남면로 920,True,True
138812,남해,남해청소년수련원,"문화관광 > 레저스포츠시설 > 스포츠센터, 수련시설",경상남도 남해군 삼동면 동부대로 1542-35,False,False
2582171,남해,더뷰1151 풀빌라,숙박 > 펜션/민박 > 펜션,경상남도 남해군 서면 남서대로 1477,True,True
3533126,남해,스테이다옴,숙박 > 펜션/민박 > 펜션,경상남도 남해군 남면 남면로 956,True,True
2571935,단양,단양추억펜션,숙박 > 펜션/민박 > 펜션,충청북도 단양군 가곡면 가대1길 55,True,True
4074258,단양,슈빌라움,숙박 > 펜션/민박 > 펜션,충청북도 단양군 적성면 수양개유적로 781,True,True
3006610,담양,담양 파라다이스 관광농원,숙박 > 펜션/민박 > 펜션,전남광주통합특별시 담양군 금성면 담순로 415,True,True
3083564,당진,당진 시티호텔,숙박 > 모텔 > 모텔,충청남도 당진시 시청2로 43 (수청동),True,True
137090,당진,삽교호 비치파크호텔,숙박 > 모텔 > 모텔,충청남도 당진시 신평면 삽교천2길 35,True,True
3076517,당진,자우리호텔 당진점,숙박 > 모텔 > 모텔,충청남도 당진시 석문면 통정3길 30,True,True
2721572,대구,대구 메리어트 호텔,숙박 > 호텔 > 호텔,대구광역시 동구 동부로26길 6 (신천동),True,True
2377774,대구,퀸벨호텔,숙박 > 호텔 > 호텔,대구광역시 동구 동촌로 200,True,True
2570282,대구,서문한옥게스트하우스,숙박 > 펜션/민박 > 한옥스테이,대구광역시 중구 큰장로24길 26,True,True
2569249,대구,The house of Gallery(The house of gallery),숙박 > 호스텔 > 게스트하우스,대구광역시 남구 대명로57길 20-22,True,True
2571937,대구,글렌즈 게스트하우스(글렌즈게스트하우스),숙박 > 호스텔 > 게스트하우스,대구광역시 중구 달구벌대로445길 16-13,True,True
2575180,대구,유원게스트하우스,숙박 > 호스텔 > 게스트하우스,대구광역시 남구 앞산순환로93길 48,True,True
1981882,대구,호텔아시아,숙박 > 모텔 > 모텔,대구광역시 동구 동부로22길 75-1,True,True
2623597,대구,공감호스텔 동성로(공감동성로게스트하우스),숙박 > 호스텔 > 게스트하우스,대구광역시 중구 동성로12길 9,True,True
3532767,대구,도동유교문화관,숙박 > 펜션/민박 > 한옥스테이,대구광역시 달성군 구지면 구지서로 716,True,True
4074857,대구,미옥스테이,숙박 > 펜션/민박 > 한옥스테이,대구광역시 중구 동덕로30길 151-27 (동인동4가),True,True
2624131,대구,사라네집,숙박 > 호스텔 > 게스트하우스,대구광역시 남구 중앙대로40길 48-6,True,True
2610679,대구,상상하우스,숙박 > 호스텔 > 게스트하우스,대구광역시 남구 매자안길 39,True,True
4074856,대구,연림스테이,숙박 > 펜션/민박 > 한옥스테이,대구광역시 동구 팔공산로254길 21 (도학동),True,True
1894863,대구,팔공산맥섬석 유스호스텔,숙박 > 호스텔 > 유스호스텔,대구광역시 동구 갓바위로 223-35,True,True
3532999,대구,"한옥,만월 프리미엄스테이",숙박 > 펜션/민박 > 한옥스테이,대구광역시 중구 봉산문화1길 8-4 (봉산동),True,True
2695757,대구,한옥게스트하우스 '安(Ahn)',숙박 > 펜션/민박 > 한옥스테이,대구광역시 중구 국채보상로149길 98,True,True
2392995,대전,디 엠프레스 호텔,숙박 > 모텔 > 모텔,대전광역시 서구 한밭대로570번길 29-20 (월평동),True,True
2931419,대전,자우리호텔,숙박 > 모텔 > 모텔,대전광역시 유성구 계룡로 157 (봉명동),True,True
138836,대전,까펠라 모텔,숙박 > 모텔 > 모텔,대전광역시 유성구 한밭대로492번길 16-32,True,True
3533130,대전,대전별서,숙박 > 펜션/민박 > 한옥스테이,대전광역시 동구 이사로 147-81 (이사동),True,True
3533155,대전,부사노바,숙박 > 호스텔 > 게스트하우스,대전광역시 중구 대종로315번길 19 (부사동),True,True
3533154,대전,빨간대문,숙박 > 호스텔 > 게스트하우스,대전광역시 동구 계족로 194-1 (대동),True,True
3533153,대전,스테이 자유,숙박 > 호스텔 > 게스트하우스,대전광역시 유성구 전민로34번길 27 (전민동),True,True
4079528,대전,자기만의방,숙박 > 호스텔 > 게스트하우스,대전광역시 대덕구 동춘당로23번길 68-14 (송촌동),True,True
4079529,대전,햇살가득하우스,숙박 > 호스텔 > 게스트하우스,대전광역시 유성구 학하남로99번길 6-19 (학하동),True,True
3062489,목포,호텔 가봄,숙박 > 모텔 > 모텔,전남광주통합특별시 목포시 번영로 16 (상동),True,True
1936201,목포,폰타나비치호텔,숙박 > 호텔 > 호텔,전남광주통합특별시 목포시 평화로 69,True,True
2582398,목포,엠모텔,숙박 > 모텔 > 모텔,전남광주통합특별시 목포시 호남로64번길 13,True,True
2572003,목포,목포 올레,숙박 > 호스텔 > 게스트하우스,전남광주통합특별시 목포시 열린길 18,True,True
2581363,목포,H모텔,숙박 > 모텔 > 모텔,전남광주통합특별시 목포시 비파로124번길 16-1,True,True
2621257,목포,남성각,숙박 > 호스텔 > 게스트하우스,전남광주통합특별시 목포시 보리마당로50번길 2,True,True
3533133,목포,누스테이 목포,숙박 > 호스텔 > 게스트하우스,전남광주통합특별시 목포시 보리마당로52번길 9-1 (서산동),True,True
3532663,목포,담빛채,숙박 > 호스텔 > 게스트하우스,전남광주통합특별시 목포시 평화로 38-2 (상동),True,True
3532876,목포,머무르다목포,숙박 > 펜션/민박 > 홈스테이,"전남광주통합특별시 목포시 해안로163번길 46-2 (금화동, 금화아파트)",True,True
495774,목포,빅토리아모텔,숙박 > 모텔 > 모텔,전남광주통합특별시 목포시 하당남부로61번길 22,True,True
2582026,목포,삼광모텔,숙박 > 모텔 > 모텔,전남광주통합특별시 목포시 호남로 38,True,True
3438585,목포,스테이 구도,숙박 > 펜션/민박 > 한옥스테이,전남광주통합특별시 목포시 마인계터로11번길 4 (죽동),True,True
2582557,목포,자라무인텔,숙박 > 모텔 > 모텔,전남광주통합특별시 목포시 평화로61번길 8,True,True
2583156,목포,지중해모텔,숙박 > 모텔 > 모텔,전남광주통합특별시 목포시 평화로 65-6,True,True
2668131,목포,춘화당,숙박 > 펜션/민박 > 한옥스테이,전남광주통합특별시 목포시 영산로59번길 35-7  ,True,True
2582751,목포,퀸호텔,숙박 > 모텔 > 모텔,전남광주통합특별시 목포시 평화로83번길 3,True,True
2582931,목포,하루호텔,숙박 > 모텔 > 모텔,전남광주통합특별시 목포시 용당로216번길 30,True,True
2607675,목포,학은재,숙박 > 펜션/민박 > 한옥스테이,전남광주통합특별시 목포시 유동로 51,True,True
2583050,목포,호텔티파니에서아침을,숙박 > 모텔 > 모텔,전남광주통합특별시 목포시 평화로140번길 24,True,True
138864,무안,무안비치호텔,숙박 > 모텔 > 모텔,전남광주통합특별시 무안군 톱머리길 36  ,False,False
139615,무안,바람의 바다 펜션,숙박 > 펜션/민박 > 펜션,전남광주통합특별시 무안군 현경면 신정길 101,True,True
2667868,무안,마음의 고향,숙박 > 펜션/민박 > 한옥스테이,전남광주통합특별시 무안군 현경면 현해로 335-31,True,True
2575832,무주,눈꽃여행,숙박 > 펜션/민박 > 펜션,전북특별자치도 무주군 설천면 내배방길 22,True,True
136230,무주,무주덕유산리조트 가족호텔,문화관광 > 복합관광시설 > 리조트,전북특별자치도 무주군 설천면 만선로 185,True,True
589340,무주,무주덕유산리조트 국민호텔,숙박 > 호스텔 > 유스호스텔,전북특별자치도 무주군 설천면 만선로 185,True,True
142988,무주,무주덕유산리조트 호텔티롤,숙박 > 호텔 > 호텔,전북특별자치도 무주군 설천면 만선로 185,True,True
2572009,무주,스노우밸리펜션(스노우밸리),숙박 > 펜션/민박 > 펜션,전북특별자치도 무주군 설천면 만선로 36-37,True,True
3532766,무주,반디펜션,숙박 > 펜션/민박 > 펜션,전북특별자치도 무주군 부남면 노루재로 302-34,True,True
3532762,무주,전망대펜션,숙박 > 펜션/민박 > 펜션,전북특별자치도 무주군 적상면 개안길 21,True,True
143126,문경,문경관광호텔,숙박 > 호텔 > 호텔,경상북도 문경시 문경읍 새재2길 32-11,True,True
2609912,문경,리앙스펜션,숙박 > 펜션/민박 > 펜션,경상북도 문경시 문경읍 주흘로 241-14,True,True
3113740,문경,고결,숙박 > 펜션/민박 > 한옥스테이,경상북도 문경시 가은읍 양산개5길 5,True,True
819849,문경,킹모텔(구 호텔킹),숙박 > 모텔 > 모텔,경상북도 문경시 문경읍 온천2길 16-6,True,True
2604053,문경,여유,숙박 > 호스텔 > 게스트하우스,경상북도 문경시 중앙4길 22,True,True
3533127,밀양,엘담스테이,숙박 > 펜션/민박 > 펜션,경상남도 밀양시 산외면 밀양대로 3377,True,True
4077328,밀양,숲의하루,숙박 > 펜션/민박 > 펜션,경상남도 밀양시 상동면 도곡1길 97-29,True,True
2622928,밀양,밀양관광펜션아름드리,숙박 > 펜션/민박 > 펜션,경상남도 밀양시 단장면 표충로 826-14,True,True
3469889,밀양,석주재,숙박 > 펜션/민박 > 한옥스테이,경상남도 밀양시 산외면 금곡2길 50,True,True
1511518,보령,호텔뷰,숙박 > 모텔 > 모텔,충청남도 보령시 천북면 홍보로 1061-175,True,True
3083662,보령,리버사이드호텔(보령),숙박 > 모텔 > 모텔,충청남도 보령시 천변북길 87 (대천동),True,True
989981,보령,제이에프케이호텔 마스타대천 (JFK호텔),숙박 > 호텔 > 호텔,충청남도 보령시 대해로 876,True,True
3438571,보령,거북이 한옥,숙박 > 펜션/민박 > 한옥스테이,충청남도 보령시 절터길 41 (요암동),True,True
3511637,보령,농업회사법인주식회사보령은행빵,숙박 > 펜션/민박 > 홈스테이,충청남도 보령시 청라면 죽성로 957-30,True,True
2692124,보령,솔밭해안가펜션,숙박 > 펜션/민박 > 펜션,충청남도 보령시 남포면 용두욕장2길 24-22,True,True
2696680,보령,수지펜션,숙박 > 펜션/민박 > 펜션,충청남도 보령시 해수욕장9길 2-7,True,True
2671214,보령,아도니스,숙박 > 펜션/민박 > 펜션,충청남도 보령시 머드로 134,True,True
139010,보성,보성다비치콘도,숙박 > 콘도미니엄 > 콘도,전남광주통합특별시 보성군 회천면 충의로 36,True,True
2814166,보성,강현재,숙박 > 펜션/민박 > 한옥스테이,전남광주통합특별시 보성군 가내길 31-1  ,True,True
138116,보성,보성골망태펜션,숙박 > 펜션/민박 > 펜션,전남광주통합특별시 보성군 보성읍 노산길 5-56,True,True
138848,보성,보성관광모텔,숙박 > 모텔 > 모텔,전남광주통합특별시 보성군 보성읍 현충로 6,False,False
2697715,보성,벌교소형관광호텔,숙박 > 호스텔 > 게스트하우스,전남광주통합특별시 보성군 벌교읍 신정길 4-41,True,True
1976502,보성,보성 이진래 고택,숙박 > 호텔 > 호텔,전남광주통합특별시 보성군 득량면 강골길 34-6,True,True
3520296,보성,보성바다스토리리조트,숙박 > 펜션/민박 > 펜션,전남광주통합특별시 보성군 회천면 남부관광로 1668,True,True
2932894,보성,주월재,숙박 > 펜션/민박 > 한옥스테이,전남광주통합특별시 보성군 다전길 33-5  ,True,True
2607725,보성,청우 황토펜션(보성그린빌펜션),숙박 > 펜션/민박 > 펜션,전남광주통합특별시 보성군 보성읍 사동길 54,True,True
143060,보은,레이크힐스 호텔 속리산,숙박 > 호텔 > 호텔,충청북도 보은군 속리산면 법주사로 305,False,False
4070359,보은,스테이수림,숙박 > 펜션/민박 > 펜션,충청북도 보은군 내북면 회인내북로 612,True,True
2602446,봉화,기헌고택,숙박 > 펜션/민박 > 한옥스테이,경상북도 봉화군 법전면 경체정길 18,True,True
2925797,부산,엘시티 레지던스,숙박 > 콘도미니엄 > 레지던스,"부산광역시 해운대구 달맞이길 30 (중동, 엘시티)",True,True
3083428,부산,제이비디자인호텔,숙박 > 모텔 > 모텔,부산광역시 해운대구 구남로12번길 31 (우동),True,True
3044634,부산,크라운 하버 호텔 부산,숙박 > 호텔 > 호텔,부산광역시 중구 중앙대로 114 (중앙동4가),True,True
137953,부산,호텔 이그니스,숙박 > 모텔 > 모텔,부산광역시 동래구 중앙대로1473번길 14-13,True,True
2487757,부산,호텔야자 사상터미널점,숙박 > 모텔 > 모텔,부산광역시 사상구 광장로81번길 72,True,True
143099,부산,호텔일루아,숙박 > 호텔 > 호텔,부산광역시 해운대구 달맞이길 97,True,True
2570213,부산,AJ하우스(AJ House),숙박 > 호스텔 > 게스트하우스,부산광역시 영도구 태종로 40,True,True
2569922,부산,La Casa del Sol (라까사델솔 게스트하우스),숙박 > 호스텔 > 게스트하우스,부산광역시 서구 부용로 14-36,True,True
2754601,부산,더펫텔프리미엄스위트,숙박 > 모텔 > 모텔,부산광역시 해운대구 해운대해변로197번길 12,True,True
2572851,부산,모닝듀 게스트 하우스(모닝듀),숙박 > 호스텔 > 게스트하우스,부산광역시 동구 초량중로21번길 5-2,True,True
2571959,부산,방가방가게스트하우스(풍경집),숙박 > 호스텔 > 게스트하우스,부산광역시 사하구 감내1로224번길 7,True,True
3028593,부산,베이하운드호텔,숙박 > 모텔 > 모텔,부산광역시 영도구 태종로65번길 11 (대교동1가),True,True
3083398,부산,브라운도트호텔 서면범천점,숙박 > 호텔 > 호텔,부산광역시 부산진구 황령대로7번길 20-11 (범천동),True,True
138574,부산,브릿지모텔,숙박 > 모텔 > 모텔,부산광역시 수영구 광안해변로 155,True,True
138575,부산,엘리제호텔,숙박 > 모텔 > 모텔,부산광역시 중구 대청로126번길 22,True,True
2574073,부산,윙민박,숙박 > 호스텔 > 게스트하우스,부산광역시 해운대구 송정중앙로6번길 36,True,True
1162526,부산,토요코인호텔 부산서면,숙박 > 호텔 > 호텔,부산광역시 부산진구 서전로 39 (전포동),True,True
583031,부산,토요코인호텔 부산역2점,숙박 > 호텔 > 호텔,부산광역시 중구 중앙대로 125,True,True
2551774,부산,플레아드블랑(PLEA DE BLANC),숙박 > 모텔 > 모텔,부산광역시 해운대구 해운대해변로298번길 29,True,True
1746410,부산,호텔콤마,숙박 > 모텔 > 모텔,부산광역시 부산진구 황령대로7번길 20-3,True,True
2696504,부산,JSTAY,숙박 > 호스텔 > 게스트하우스,부산광역시 수영구 남천바다로 31-1,True,True
2624014,부산,The Park Guest House,숙박 > 호스텔 > 게스트하우스,부산광역시 수영구 광남로 151,True,True
2610815,부산,그림하우스,숙박 > 호스텔 > 게스트하우스,부산광역시 해운대구 송정구덕포길 64,True,True
3532715,부산,누스테이 부산,숙박 > 펜션/민박 > 홈스테이,부산광역시 수영구 수영로 722-1 (광안동),True,True
3532630,부산,단아,숙박 > 펜션/민박 > 홈스테이,부산광역시 부산진구 전포대로132번길 7 (전포동),True,True
3074697,부산,라온호텔,숙박 > 모텔 > 모텔,부산광역시 해운대구 송정광어골로 39 (송정동),True,True
3532667,부산,민락스테이,숙박 > 펜션/민박 > 홈스테이,부산광역시 수영구 민락본동로 28 (민락동),True,True
3533137,부산,베를리너 하우스,숙박 > 호스텔 > 게스트하우스,부산광역시 부산진구 전포대로224번길 26 (전포동),True,True
3533138,부산,샌드스테이,숙박 > 호스텔 > 게스트하우스,"부산광역시 수영구 광안해변로279번길 29 (민락동, 유정)",True,True
3532572,부산,송정담다펜션,숙박 > 펜션/민박 > 펜션,부산광역시 해운대구 송정중앙로6번길 126 (송정동),True,True
2622969,부산,싱글싱글,숙박 > 호스텔 > 게스트하우스,부산광역시 동구 초량중로 18-1,True,True
3074655,부산,어반스테이 서면,숙박 > 모텔 > 모텔,부산광역시 부산진구 중앙대로 752 (부전동),True,True
2607423,부산,이바구캠프,숙박 > 호스텔 > 게스트하우스,부산광역시 동구 망양로525번길 22,True,True
3533169,부산,이스턴룸,숙박 > 펜션/민박 > 홈스테이,부산광역시 해운대구 달맞이길117번라길 100 (중동),True,True
3533143,부산,읽다부산,숙박 > 호스텔 > 게스트하우스,부산광역시 부산진구 전포대로209번길 43 (전포동),True,True
3533147,부산,청킹멘션부산,숙박 > 호스텔 > 게스트하우스,부산광역시 부산진구 서전로58번길 15-3 (전포동),True,True
3532722,부산,트래블라이트,숙박 > 호스텔 > 게스트하우스,부산광역시 부산진구 서면로68번길 52 (부전동),True,True
3533150,부산,행운인생,숙박 > 호스텔 > 게스트하우스,부산광역시 남구 고동골로 40 (문현동),True,True
3532608,부산,호두스테이,숙박 > 펜션/민박 > 홈스테이,부산광역시 수영구 수영로594번길 7 (광안동),True,True
3076619,부안,태왕리조트,숙박 > 콘도미니엄 > 콘도,전북특별자치도 부안군 변산면 궁항영상길 68,True,True
2570435,부안,더블힐링펜션,숙박 > 펜션/민박 > 펜션,전북특별자치도 부안군 변산면 변산해변로 799-47,True,True
2569785,부안,생폴드방스 펜션,숙박 > 펜션/민박 > 펜션,전북특별자치도 부안군 진서면 구름호수길 52,True,True
2531364,부안,채석리조텔오크빌,숙박 > 모텔 > 모텔,전북특별자치도 부안군 변산면 격포로 196,True,True
3040567,부안,해피트리가족호텔,숙박 > 펜션/민박 > 펜션,전북특별자치도 부안군 변산면 변산해변로 292,True,True
1638654,부안,레몬테라스,숙박 > 펜션/민박 > 펜션,전북특별자치도 부안군 변산면 고사길 86,True,True
1635968,부안,레인보우펜션,숙박 > 펜션/민박 > 펜션,전북특별자치도 부안군 변산면 고사길 96-3,True,True
2802005,부안,스테이 변산바람꽃,숙박 > 펜션/민박 > 펜션,전북특별자치도 부안군 진서면 작당길 6-7,True,True
3532908,부안,아라쉼펜션,숙박 > 펜션/민박 > 펜션,전북특별자치도 부안군 변산면 변산로 2136-5,True,True
2692296,부안,코지캐빈,숙박 > 펜션/민박 > 펜션,전북특별자치도 부안군 변산면 변산로 2136-13,True,True
2622716,부안,해넘이타운,숙박 > 펜션/민박 > 펜션,전북특별자치도 부안군 변산면 변산해변로 188,True,True
1086973,부여,롯데리조트부여,문화관광 > 복합관광시설 > 리조트,충청남도 부여군 규암면 백제문로 400,True,False
3469883,부여,서동선화한옥,숙박 > 펜션/민박 > 한옥스테이,충청남도 부여군 부여읍 월함로 105-1,True,False
2665817,부여,부여안방마님,숙박 > 펜션/민박 > 한옥스테이,충청남도 부여군 규암면 흥수로590번길 17,True,False
2680793,부여,부여한옥,숙박 > 펜션/민박 > 농어촌민박,충청남도 부여군 부여읍 뒷개로 9,True,False
143138,부천,고려호텔,숙박 > 호텔 > 호텔,경기도 부천시 원미구 길주로 66 (상동),True,False
2868984,부천,에스알호텔,숙박 > 호텔 > 호텔,경기도 부천시 원미구 석천로178번길 22 (중동),True,False
2868938,부천,제니스관광호텔,숙박 > 호텔 > 호텔,경기도 부천시 원미구 길주로77번길 19-24 (상동),True,False
139512,부천,폴라리스관광호텔,숙박 > 호텔 > 호텔,경기도 부천시 원미구 소향로13번길 27 (상동),True,False
2868906,부천,플로체호텔,숙박 > 호텔 > 호텔,경기도 부천시 원미구 길주로77번길 19-22 (상동),True,False
3084391,부천,호텔씨티,숙박 > 호텔 > 호텔,경기도 부천시 원미구 석천로178번길 12 (중동),True,False
2572858,사천,바다정원펜션,숙박 > 펜션/민박 > 펜션,경상남도 사천시 서포면 토끼로 245-41,True,False
2571961,사천,별주부관광팬션(비토섬별주부관광펜션),숙박 > 펜션/민박 > 펜션,경상남도 사천시 서포면 토끼로 245-49,True,False
3563316,산청,산청한방가족호텔,숙박 > 호텔 > 호텔,경상남도 산청군 금서면 동의보감로479번길 43,True,False
1883536,산청,산청율수원,숙박 > 펜션/민박 > 한옥스테이,경상남도 산청군 신등가회로 36,True,False
904963,산청,지리산구름정원,숙박 > 펜션/민박 > 펜션,경상남도 산청군 시천면 남대길 18-12,True,False
2572741,산청,참조은펜션,숙박 > 펜션/민박 > 펜션,경상남도 산청군 신안면 산청대로1212번길 112-5,True,False
398187,산청,산청호수펜션,숙박 > 펜션/민박 > 펜션,경상남도 산청군 시천면 삼신봉로900번길 41,True,False
2620236,산청,예다움,숙박 > 펜션/민박 > 한옥스테이,경상남도 산청군 단성면 지리산대로 2901-6,True,False
2662796,삼척,쏠비치 삼척,숙박 > 호텔 > 호텔,강원특별자치도 삼척시 수로부인길 453,True,False
2907240,삼척,용화호텔,숙박 > 호텔 > 호텔,강원특별자치도 삼척시 근덕면 삼척로 2154,True,False
2907234,삼척,그라시아펜션,숙박 > 펜션/민박 > 펜션,강원특별자치도 삼척시 근덕면 원평길 32,True,False
620120,삼척,삼척비치모텔,숙박 > 모텔 > 모텔,강원특별자치도 삼척시 테마타운길 53,True,False
938538,삼척,솔향기가득한집,숙박 > 펜션/민박 > 펜션,강원특별자치도 삼척시 근덕면 삼척로 3874-29,True,False
3044633,삼척,코아페바다펜션,숙박 > 펜션/민박 > 펜션,강원특별자치도 삼척시 근덕면 용화길 27-34,True,False
620133,삼척,티오피모텔,숙박 > 모텔 > 모텔,강원특별자치도 삼척시 중앙시장2길 32,True,False
3072008,삼척,향초목원,숙박 > 펜션/민박 > 펜션,강원특별자치도 삼척시 가곡면 탕곡길 473-174,True,False
398122,삼척,로즈밸리,숙박 > 펜션/민박 > 펜션,강원특별자치도 삼척시 원덕읍 임원안길 525-9,True,False
4108730,상주,호텔아리아,숙박 > 호텔 > 호텔,경상북도 상주시 문무1길 47 (무양동),True,False
583141,서귀포,휘닉스 아일랜드,숙박 > 콘도미니엄 > 콘도,제주특별자치도 서귀포시 성산읍 섭지코지로 107,True,False
138019,서귀포,소노캄 제주,문화관광 > 복합관광시설 > 리조트,제주특별자치도 서귀포시 표선면 일주동로 6347-17,True,False
2819964,서귀포,그랜드 조선 제주,숙박 > 호텔 > 호텔,제주특별자치도 서귀포시 중문관광로72번길 60,True,False
2858304,서귀포,호텔 더본 제주,숙박 > 호텔 > 호텔,제주특별자치도 서귀포시 색달로 18 (색달동),True,False
2499031,서귀포,WE호텔,숙박 > 호텔 > 호텔,제주특별자치도 서귀포시 1100로 453-95,True,False
1846473,서귀포,신신호텔 제주오션,숙박 > 호텔 > 호텔,제주특별자치도 서귀포시 중앙로 14 (서귀동),True,False
2852563,서귀포,제주부영호텔&리조트,숙박 > 호텔 > 호텔,제주특별자치도 서귀포시 중문관광로 222 (중문동),True,False
4081269,서귀포,파르나스 호텔 제주,숙박 > 호텔 > 호텔,제주특별자치도 서귀포시 중문관광로72번길 100 (색달동),True,False
397635,서귀포,씨오르리조트,문화관광 > 복합관광시설 > 리조트,제주특별자치도 서귀포시 이어도로 989,True,False
3031022,서귀포,제주호텔더엠,숙박 > 모텔 > 모텔,제주특별자치도 서귀포시 태평로353번길 14 (서귀동),True,False
2757210,서귀포,플레이스 캠프 제주,숙박 > 콘도미니엄 > 콘도,제주특별자치도 서귀포시 성산읍 동류암로 20,True,False
142713,서귀포,제주 스위트호텔,숙박 > 호텔 > 호텔,제주특별자치도 서귀포시 중문관광로72번길 67,True,False
3076467,서귀포,담모라 호텔앤리조트,숙박 > 호텔 > 호텔,제주특별자치도 서귀포시 안덕면 일주서로 1975-11,True,False
142965,서귀포,서귀포칼호텔 (서귀포KAL호텔),숙박 > 호텔 > 호텔,제주특별자치도 서귀포시 칠십리로 242,True,False
3482430,서귀포,켄싱턴리조트 제주중문,숙박 > 콘도미니엄 > 콘도,제주특별자치도 서귀포시 중문관광로72번길 29-29 (색달동),True,False
1894943,서귀포,포도호텔,숙박 > 모텔 > 모텔,제주특별자치도 서귀포시 안덕면 상천리,True,False
2918548,서귀포,"헤이, 서귀포",숙박 > 호텔 > 호텔,제주특별자치도 서귀포시 태평로 363 (서귀동),True,False
2621969,서귀포,펜션연리,숙박 > 호스텔 > 게스트하우스,제주특별자치도 서귀포시 논짓물로 50,True,False
719643,서귀포,담앤루리조트,숙박 > 펜션/민박 > 펜션,제주특별자치도 서귀포시 이어도로343번길 63,True,False
3076367,서귀포,아름다운리조트,숙박 > 콘도미니엄 > 콘도,제주특별자치도 서귀포시 성산읍 해맞이해안로 2644,True,False
973990,서귀포,씨에나펜션,숙박 > 펜션/민박 > 펜션,제주특별자치도 서귀포시 예래로 267,True,False
3076491,서귀포,제주티라호텔,숙박 > 호텔 > 호텔,제주특별자치도 서귀포시 성산읍 섭지코지로25번길 41,True,False
2847272,서귀포,제주 항공우주 호텔,숙박 > 호텔 > 호텔,제주특별자치도 서귀포시 안덕면 녹차분재로 216,True,False
3076381,서귀포,유어스호텔,숙박 > 호텔 > 호텔,제주특별자치도 서귀포시 천제연로178번길 21 (중문동),True,False
3076459,서귀포,비케이호텔 제주(BK호텔 제주),숙박 > 호텔 > 호텔,제주특별자치도 서귀포시 칠십리로91번길 12 (서귀동),True,False
1905280,서귀포,THE BAY 제주리조트 (더베이 제주리조트),숙박 > 콘도미니엄 > 콘도,제주특별자치도 서귀포시 문필로35번길 46,True,False
2699863,서귀포,호텔 서귀피안,숙박 > 호스텔 > 게스트하우스,제주특별자치도 서귀포시 보목로64번길 178,True,False
978343,서귀포,샤뜰레 펜션,숙박 > 펜션/민박 > 펜션,제주특별자치도 서귀포시 서호호근로46번길 68,True,False
2627229,서귀포,천지연크리스탈호텔,숙박 > 호스텔 > 게스트하우스,제주특별자치도 서귀포시 천지연로 39,True,False
2498637,서귀포,용산 제주유스호스텔,숙박 > 호스텔 > 유스호스텔,제주특별자치도 서귀포시 이어도로 297 (하원동),True,False
2382246,서귀포,제이뷰호텔,숙박 > 모텔 > 모텔,제주특별자치도 서귀포시 중산간서로 935,True,False
3076447,서귀포,블룸호텔,숙박 > 호텔 > 호텔,제주특별자치도 서귀포시 중문관광로72번길 53 (색달동),True,False
3076441,서귀포,제주헬스케어타운리조트,숙박 > 콘도미니엄 > 콘도,제주특별자치도 서귀포시 솔오름로20번길 12 (동홍동),True,False
2621853,서귀포,돈내코힐 리조트,숙박 > 호스텔 > 게스트하우스,제주특별자치도 서귀포시 돈내코로 180,True,False
397643,서귀포,C&P리조트,숙박 > 호스텔 > 유스호스텔,제주특별자치도 서귀포시 성산읍 중산간동로 4328-63,True,False
139856,서귀포,JJ하우스,숙박 > 펜션/민박 > 펜션,제주특별자치도 서귀포시 중산간서로 241,True,False
3344565,서귀포,JW 메리어트 제주 리조트 & 스파,숙박 > 호텔 > 호텔,제주특별자치도 서귀포시 태평로 152 (호근동),True,False
1896032,서귀포,가름게스트하우스,숙박 > 펜션/민박 > 펜션,제주특별자치도 서귀포시 법환하로9번길 10,True,False
3076375,서귀포,골드원호텔앤스위트,숙박 > 호텔 > 호텔,제주특별자치도 서귀포시 이어도로 1032 (서호동),True,False
138494,서귀포,귤익는마을,숙박 > 펜션/민박 > 펜션,제주특별자치도 서귀포시 성산읍 신천서로 11,True,False
139855,서귀포,그랑빌펜션,숙박 > 펜션/민박 > 펜션,제주특별자치도 서귀포시 중문관광로 17,True,False
138185,서귀포,금호리조트 제주,문화관광 > 복합관광시설 > 리조트,제주특별자치도 서귀포시 남원읍 태위로 522-12,True,False
2528102,서귀포,꿈꾸는 노마드,숙박 > 펜션/민박 > 펜션,제주특별자치도 서귀포시 선반로 54 (강정동),True,False
1897905,서귀포,노을담은뜨락,숙박 > 펜션/민박 > 펜션,제주특별자치도 서귀포시 대정읍 노을해안로 416,True,False
2751860,서귀포,더쉼팡스파앤풀빌라,숙박 > 펜션/민박 > 펜션,제주특별자치도 서귀포시 표선면 세성로 67-10,True,False
3031466,서귀포,디아넥스호텔,숙박 > 호텔 > 호텔,제주특별자치도 서귀포시 안덕면 산록남로762번길 71,True,False
137826,서귀포,라운지하우스 제주다,숙박 > 펜션/민박 > 펜션,제주특별자치도 서귀포시 안덕면 사계남로50번길 60,True,False
143025,서귀포,롯데호텔 제주,숙박 > 호텔 > 호텔,제주특별자치도 서귀포시 중문관광로72번길 35,True,False
733422,서귀포,롱비치펜션,숙박 > 펜션/민박 > 펜션,제주특별자치도 서귀포시 남태해안로 11-16 롱비치펜션,True,False
2007416,서귀포,루체빌리조트,문화관광 > 복합관광시설 > 리조트,제주특별자치도 서귀포시 안덕면 산록남로 786,True,False
2852581,서귀포,머큐어앰배서더 제주,숙박 > 호텔 > 호텔,제주특별자치도 서귀포시 안덕면 한창로 365,True,False
972415,서귀포,밀레니엄빌,숙박 > 펜션/민박 > 펜션,제주특별자치도 서귀포시 보목로64번길 196,True,False
733516,서귀포,바다에누워 펜션,숙박 > 펜션/민박 > 펜션,제주특별자치도 서귀포시 남원읍 위미해안로 60,True,False
3082119,서귀포,발트하우스,숙박 > 펜션/민박 > 펜션,제주특별자치도 서귀포시 표선면 번영로 3361-26,True,False
2038553,서귀포,베니키아 중문호텔,숙박 > 호텔 > 호텔,제주특별자치도 서귀포시 천제연로 166,True,False
2755497,서귀포,베이힐풀앤빌라,숙박 > 콘도미니엄 > 콘도,제주특별자치도 서귀포시 예래로 424 (하예동),True,False
733540,서귀포,보물섬펜션,숙박 > 펜션/민박 > 펜션,제주특별자치도 서귀포시 성산읍 한도로242번길 10-11,True,False
733569,서귀포,뷰티풀하우스,숙박 > 펜션/민박 > 펜션,제주특별자치도 서귀포시 이어도로253번길 2,True,False
2021434,서귀포,산들애풀하우스,숙박 > 펜션/민박 > 펜션,제주특별자치도 서귀포시 성산읍 서성일로 689-8,True,False
2374023,서귀포,샘모루펜션,숙박 > 펜션/민박 > 펜션,제주특별자치도 서귀포시 염돈로28번길 11 (강정동),True,False
137788,서귀포,서귀포 귤림성,숙박 > 펜션/민박 > 펜션,제주특별자치도 서귀포시 일주동로 8941 (호근동),True,False
2707417,서귀포,서툰가족,숙박 > 펜션/민박 > 농어촌민박,제주특별자치도 서귀포시 안덕면 사계중앙로 41-15,True,False
1888034,서귀포,소랑호젠,숙박 > 펜션/민박 > 펜션,제주특별자치도 서귀포시 남원읍 태위로 545,True,False
970675,서귀포,스프링힐 리조트,숙박 > 펜션/민박 > 펜션,제주특별자치도 서귀포시 천제연로 292,True,False
137348,서귀포,신세계호텔,숙박 > 모텔 > 모텔,제주특별자치도 서귀포시 중앙로 2-2,True,False
142948,서귀포,씨에스 호텔 앤 리조트,숙박 > 호텔 > 호텔,제주특별자치도 서귀포시 중문관광로 198 (중문동),True,False
733613,서귀포,아망뜨펜션(제주),숙박 > 펜션/민박 > 펜션,제주특별자치도 서귀포시 표선면 민속해안로 11,True,False
985385,서귀포,아침의향기,숙박 > 펜션/민박 > 펜션,제주특별자치도 서귀포시 색달중앙로 122,True,False
733622,서귀포,앙끄리에펜션,숙박 > 펜션/민박 > 펜션,제주특별자치도 서귀포시 색달로61번길 59-8,True,False
1348840,서귀포,예래펜션,숙박 > 펜션/민박 > 펜션,제주특별자치도 서귀포시 예래해안로 527,True,False
3076392,서귀포,오션스퀘어리조트,숙박 > 콘도미니엄 > 콘도,제주특별자치도 서귀포시 성산읍 환해장성로 667,True,False
971331,서귀포,오션하우스,숙박 > 펜션/민박 > 펜션,제주특별자치도 서귀포시 안덕면 사계남로216번길 42,True,False
1891566,서귀포,와이리조트 제주,문화관광 > 복합관광시설 > 리조트,제주특별자치도 서귀포시 안덕면 화순중앙로124번길 75,True,False
138935,서귀포,이어도성 펜션,숙박 > 펜션/민박 > 펜션,제주특별자치도 서귀포시 천제연로 113,True,False
139854,서귀포,제주 라임오렌지빌,숙박 > 펜션/민박 > 펜션,제주특별자치도 서귀포시 칠십리로 332,True,False
2552837,서귀포,제주 스카브로호텔,숙박 > 호텔 > 호텔,제주특별자치도 서귀포시 예래해안로 15,True,False
733594,서귀포,제주 써니데이,숙박 > 펜션/민박 > 펜션,제주특별자치도 서귀포시 대포로 131,True,False
733799,서귀포,제주 지삿개풍경,숙박 > 펜션/민박 > 펜션,제주특별자치도 서귀포시 이어도로 150,True,False
904802,서귀포,제주 추억여행,숙박 > 펜션/민박 > 펜션,제주특별자치도 서귀포시 태평로92번길 21,True,False
733784,서귀포,제주 하이랜드 펜션,숙박 > 펜션/민박 > 펜션,제주특별자치도 서귀포시 이어도로 244,True,False
733684,서귀포,제주바다산책,숙박 > 펜션/민박 > 펜션,제주특별자치도 서귀포시 남원읍 남태해안로 11-14,True,False
142946,서귀포,제주신라호텔,숙박 > 호텔 > 호텔,제주특별자치도 서귀포시 중문관광로72번길 75,True,False
2561880,서귀포,제주신화월드 호텔 앤 리조트 랜딩관,숙박 > 호텔 > 호텔,제주특별자치도 서귀포시 안덕면 신화역사로304번길 38,True,False
2561909,서귀포,제주신화월드 호텔 앤 리조트 메리어트관,숙박 > 호텔 > 호텔,제주특별자치도 서귀포시 안덕면 신화역사로304번길 38,True,False
2561932,서귀포,제주신화월드 호텔 앤 리조트 서머셋,숙박 > 호텔 > 호텔,제주특별자치도 서귀포시 안덕면 신화역사로304번길 89,True,False
978214,서귀포,제주썬레이크빌,숙박 > 펜션/민박 > 펜션,제주특별자치도 서귀포시 성산읍 한도로 49,True,False
2926949,서귀포,제주엠리조트,숙박 > 호텔 > 호텔,제주특별자치도 서귀포시 중산간서로157번길 28-6 (강정동),True,False
1880892,서귀포,제주카사블랑카,숙박 > 펜션/민박 > 펜션,제주특별자치도 서귀포시 학수암로 107 (호근동),True,False
980356,서귀포,제주펜션 향림원,숙박 > 펜션/민박 > 펜션,제주특별자치도 서귀포시 칠십리로394번길 8-3,True,False
138017,서귀포,청재설헌,숙박 > 펜션/민박 > 펜션,제주특별자치도 서귀포시 인정오름로 135-18,True,False
3520495,서귀포,취다선 리조트,숙박 > 호텔 > 호텔,제주특별자치도 서귀포시 성산읍 해맞이해안로 2688,True,False
2624249,서귀포,취다선리조트(취다선 리조트 Tea&Meditation),숙박 > 호스텔 > 게스트하우스,제주특별자치도 서귀포시 성산읍 해맞이해안로 2688,True,False
3031581,서귀포,카세로지,숙박 > 호텔 > 호텔,제주특별자치도 서귀포시 표선면 가시로 383,True,False
137369,서귀포,켄싱턴리조트 서귀포,문화관광 > 복합관광시설 > 리조트,제주특별자치도 서귀포시 이어도로 684,True,False
2814169,서귀포,쿠지홀리데이,숙박 > 펜션/민박 > 펜션,제주특별자치도 서귀포시 난산로 100,True,False
137957,서귀포,티파니에서 아침을,숙박 > 펜션/민박 > 펜션,제주특별자치도 서귀포시 남원읍 서의로154번길 12,True,False
978165,서귀포,포시즌펜션,숙박 > 펜션/민박 > 펜션,제주특별자치도 서귀포시 칠십리로285번길 3,True,False
1893993,서귀포,하얀언덕,숙박 > 펜션/민박 > 펜션,제주특별자치도 서귀포시 표선면 민속해안로 351,True,False
733924,서귀포,해뜨는집 펜션,숙박 > 펜션/민박 > 펜션,제주특별자치도 서귀포시 성산읍 한도로 137,True,False
138184,서귀포,해비치 호텔&리조트 제주,문화관광 > 복합관광시설 > 리조트,제주특별자치도 서귀포시 표선면 민속해안로 537,True,False
3515241,서귀포,호텔 골든데이지 서귀포오션,숙박 > 호텔 > 호텔,제주특별자치도 서귀포시 동홍로 7 (서귀동),True,False
2822959,서귀포,히든 클리프 호텔 & 네이쳐,숙박 > 호텔 > 호텔,제주특별자치도 서귀포시 예래해안로 542 (상예동),True,False
733414,서귀포,노인과바다,숙박 > 펜션/민박 > 펜션,제주특별자치도 서귀포시 남원읍 남태해안로 11-12,True,False
2621955,서귀포,바다해호텔,숙박 > 호스텔 > 게스트하우스,제주특별자치도 서귀포시 천지연로 3-1,True,False
2623005,서귀포,백패커스홈,숙박 > 호스텔 > 게스트하우스,제주특별자치도 서귀포시 중정로 24-7,True,False
2623014,서귀포,브릭216,숙박 > 호스텔 > 게스트하우스,제주특별자치도 서귀포시 이어도로 216,True,False
1905844,서귀포,비울채울,숙박 > 펜션/민박 > 펜션,제주특별자치도 서귀포시 검은여로130번길 73,True,False
1906127,서귀포,샤론의집,숙박 > 펜션/민박 > 펜션,제주특별자치도 서귀포시 성산읍 금백조로131번길 177-1,True,False
138594,서귀포,솔바람풍경소리,숙박 > 펜션/민박 > 펜션,제주특별자치도 서귀포시 남원읍 태수로143번길 132-37,True,False
2634320,서귀포,아인스 호스텔,숙박 > 호스텔 > 게스트하우스,제주특별자치도 서귀포시 태평로 432,True,False
2626800,서귀포,오션힐스테이,숙박 > 호스텔 > 게스트하우스,제주특별자치도 서귀포시 안덕면 사계북로 208,True,False
3076484,서귀포,이스턴호텔제주,숙박 > 호텔 > 호텔,제주특별자치도 서귀포시 서호중로 65 (서호동),True,False
2627965,서귀포,제주브릭스,숙박 > 호스텔 > 게스트하우스,제주특별자치도 서귀포시 태평로 121,True,False
232284,서귀포,제주애 펜션,숙박 > 펜션/민박 > 펜션,제주특별자치도 서귀포시 성산읍 일주동로 5047,True,False
2627908,서귀포,칠십리호텔,숙박 > 호스텔 > 게스트하우스,제주특별자치도 서귀포시 태평로353번길 22-3,True,False
3076478,서귀포,키코앤일레인호텔,숙박 > 모텔 > 모텔,제주특별자치도 서귀포시 일주서로 660 (회수동),True,False
1882504,서귀포,킴스캐빈,숙박 > 펜션/민박 > 펜션,제주특별자치도 서귀포시 성산읍 시흥상동로53번길 88-54,True,False
2405964,서귀포,팜밸리 풀빌라,문화관광 > 복합관광시설 > 리조트,제주특별자치도 서귀포시 중산간서로 193,True,False
1893137,서귀포,펠리스타운,숙박 > 호스텔 > 유스호스텔,제주특별자치도 서귀포시 성산읍 시흥하동로50번길 23,True,False
2626708,서귀포,해성파크텔,숙박 > 호스텔 > 게스트하우스,제주특별자치도 서귀포시 천제연로 158-4,True,False
2847188,서귀포,호텔 휴식 서귀포,숙박 > 호텔 > 호텔,제주특별자치도 서귀포시 중앙로71번길 17 (서귀동),True,False
3076539,서산,헬로호텔,숙박 > 모텔 > 모텔,충청남도 서산시 읍내2로 14 (읍내동),True,False
2769619,서산,브라운도트호텔 서산점,숙박 > 호텔 > 호텔,충청남도 서산시 안견로 284 (읍내동),True,False
2017735,서산,돌꽃펜션,숙박 > 펜션/민박 > 펜션,충청남도 서산시 해미면 한티2길 36-4,True,False
2544743,서산,서산아리아호텔,숙박 > 모텔 > 모텔,충청남도 서산시 동헌로 94 (읍내동),True,False
3532617,서산,서산댁,숙박 > 펜션/민박 > 펜션,충청남도 서산시 갈산3길 36-5 (갈산동),True,False
142733,서울,그랜드 하얏트 서울,숙박 > 호텔 > 호텔,서울특별시 용산구 소월로 322,True,False
3339644,서울,포시즌스 호텔 서울(광화문미래에셋호텔),숙박 > 호텔 > 호텔,서울특별시 종로구 새문안로 97 (당주동),True,False
142728,서울,그랜드 워커힐 서울,숙박 > 호텔 > 호텔,서울특별시 광진구 워커힐로 177,True,False
142729,서울,더그랜드롯데 서울,숙박 > 호텔 > 호텔,서울특별시 중구 을지로 30 롯데호텔,True,False
2783723,서울,조선 팰리스 서울 강남,숙박 > 호텔 > 호텔,서울특별시 강남구 테헤란로 231,True,False
142766,서울,롯데호텔 월드,숙박 > 호텔 > 호텔,서울특별시 송파구 올림픽로 240 (잠실동),True,False
142767,서울,해밀톤 호텔,숙박 > 호텔 > 호텔,서울특별시 용산구 이태원로 179,True,False
143033,서울,JW 메리어트 호텔 서울,숙박 > 호텔 > 호텔,서울특별시 서초구 신반포로 176,True,False
3464755,서울,시그니엘 서울,숙박 > 호텔 > 호텔,서울특별시 송파구 올림픽로 300 (신천동),True,False
2008490,서울,오크우드 프리미어 코엑스 센터,숙박 > 호텔 > 호텔,서울특별시 강남구 테헤란로87길 46 (삼성동),True,False
984650,서울,더리버사이드 호텔,숙박 > 호텔 > 호텔,서울특별시 서초구 강남대로107길 6,True,False
2504510,서울,롯데시티호텔 명동,숙박 > 호텔 > 호텔,서울특별시 중구 삼일대로 362,True,False
136039,서울,서울올림픽파크텔,숙박 > 호스텔 > 유스호스텔,서울특별시 송파구 올림픽로 448 (방이동),True,False
2010907,서울,호텔 베르누이 서울,숙박 > 호텔 > 호텔,서울특별시 구로구 경인로 229,True,False
232290,서울,호텔국도,숙박 > 호텔 > 호텔,서울특별시 중구 을지로 164,True,False
142727,서울,세종호텔,숙박 > 호텔 > 호텔,서울특별시 중구 퇴계로 145,True,False
2504463,서울,L7 명동 바이 롯데호텔,숙박 > 호텔 > 호텔,서울특별시 중구 퇴계로 137,True,False
142742,서울,삼정호텔,숙박 > 호텔 > 호텔,서울특별시 강남구 봉은사로 150 (역삼동),True,False
3079777,서울,이비스 앰배서더 서울 인사동,숙박 > 호텔 > 호텔,서울특별시 종로구 삼일대로30길 31 (익선동),True,False
3336831,서울,호텔 나루 서울 엠갤러리,숙박 > 호텔 > 호텔,서울특별시 마포구 마포대로 8 (마포동),True,False
3466079,서울,안다즈 서울 강남,숙박 > 호텔 > 호텔,서울특별시 강남구 논현로 854 (신사동),True,False
3079789,서울,호텔 스카이파크 동대문1호점,숙박 > 호텔 > 호텔,서울특별시 중구 동호로 335 (오장동),True,False
143066,서울,메이필드호텔,숙박 > 호텔 > 호텔,서울특별시 강서구 방화대로21길 94,True,False
142765,서울,스위스 그랜드 호텔,숙박 > 호텔 > 호텔,서울특별시 서대문구 연희로 353 (홍은동),True,False
3076518,서울,나인트리 프리미어 로카우스 호텔 서울 용산,숙박 > 호텔 > 호텔,서울특별시 용산구 한강대로23길 25 (한강로3가),True,False
142722,서울,서울가든호텔,숙박 > 호텔 > 호텔,서울특별시 마포구 마포대로 58,True,False
3566221,서울,안토,숙박 > 콘도미니엄 > 콘도,서울특별시 강북구 삼양로 689 (우이동),True,False
142731,서울,코리아나 호텔,숙박 > 호텔 > 호텔,서울특별시 중구 세종대로 135 (태평로1가),True,False
143113,서울,켄싱턴호텔 여의도,숙박 > 호텔 > 호텔,서울특별시 영등포구 국회대로76길 16 (여의도동),True,False
3013312,서울,프레이저 플레이스 남대문 서울,숙박 > 호텔 > 호텔,서울특별시 중구 세종대로 58 (남대문로4가),True,False
142723,서울,로얄호텔서울,숙박 > 호텔 > 호텔,서울특별시 중구 명동길 61 (명동1가),True,False
2721755,서울,페어몬트 앰배서더 서울(Fairmont Ambassador Seoul),숙박 > 호텔 > 호텔,서울특별시 영등포구 여의대로 108,True,False
3080065,서울,골든서울호텔,숙박 > 호텔 > 호텔,서울특별시 강서구 공항대로 663 (염창동),True,False
1914920,서울,JW 메리어트 동대문 스퀘어 서울,숙박 > 호텔 > 호텔,서울특별시 종로구 청계천로 279 (종로6가),True,False
1045657,서울,반얀트리 클럽 앤 스파 서울,숙박 > 호텔 > 호텔,서울특별시 중구 장충단로 60,True,False
2917245,서울,아만티호텔서울,숙박 > 호텔 > 호텔,서울특별시 마포구 월드컵북로 31 (서교동),True,False
142746,서울,퍼시픽 호텔,숙박 > 호텔 > 호텔,서울특별시 중구 퇴계로20길 2 (남산동2가),True,False
3466132,서울,오라카이 청계산 호텔,숙박 > 호텔 > 호텔,서울특별시 서초구 청계산로9길 1-7 (신원동),True,False
3387804,서울,이비스 스타일 앰배서더 서울 용산,숙박 > 호텔 > 호텔,서울특별시 용산구 청파로20길 95 (한강로3가),True,False
2548479,서울,스탠포드호텔 서울,숙박 > 호텔 > 호텔,서울특별시 마포구 월드컵북로58길 15,True,False
2819007,서울,포포인츠 바이 쉐라톤 조선 서울 명동,숙박 > 호텔 > 호텔,서울특별시 중구 삼일대로10길 36 (저동2가),True,False
3570799,서울,엠디호텔 독산,숙박 > 호텔 > 호텔,서울특별시 금천구 시흥대로 315 (독산동),True,False
3532307,서울,페어필드 바이 메리어트 서울 호텔,숙박 > 호텔 > 호텔,서울특별시 영등포구 경인로 870 (영등포동1가),True,False
142732,서울,프레지던트 호텔,숙박 > 호텔 > 호텔,서울특별시 중구 을지로 16 (을지로1가),True,False
1503517,서울,라마다 바이윈덤 서울 동대문,숙박 > 호텔 > 호텔,서울특별시 중구 동호로 354,True,False
3465873,서울,오라카이 대학로 호텔,숙박 > 호텔 > 호텔,서울특별시 종로구 율곡로 180 (원남동),True,False
4078819,서울,AC 호텔 바이 메리어트 서울 강남,숙박 > 호텔 > 호텔,서울특별시 강남구 테헤란로25길 10 (역삼동),True,False
2505908,서울,롯데시티호텔 구로,숙박 > 호텔 > 호텔,서울특별시 구로구 디지털로 300,True,False
990208,서울,롯데시티호텔 마포,숙박 > 호텔 > 호텔,"서울특별시 마포구 마포대로 109 (공덕동, 롯데캐슬 프레지던트)",True,False
2022481,서울,포포인츠 바이 쉐라톤 조선 서울역,숙박 > 호텔 > 호텔,서울특별시 용산구 한강대로 366,True,False
143130,서울,나이아가라 호텔,숙박 > 호텔 > 호텔,서울특별시 강서구 염창동 259-2 나이아가라관광호텔,True,False
2708334,서울,라마다 호텔앤스위트 서울남대문,숙박 > 호텔 > 호텔,서울특별시 중구 칠패로 27 (순화동),True,False
2639707,서울,포포인츠 바이 쉐라톤 서울 구로,숙박 > 호텔 > 호텔,서울특별시 구로구 디지털로32길 72,True,False
3514681,서울,글래드 강남 코엑스센터,숙박 > 호텔 > 호텔,서울특별시 강남구 테헤란로 610 (대치동),True,False
2586384,서울,레스케이프 호텔(L’Escape Hotel),숙박 > 호텔 > 호텔,서울특별시 중구 퇴계로 67,True,False
2370202,서울,아리랑힐 호텔 동대문,숙박 > 호텔 > 호텔,서울특별시 성북구 아리랑로 8,True,False
143107,서울,비스타 워커힐 서울,숙박 > 호텔 > 호텔,서울특별시 광진구 워커힐로 177,True,False
143122,서울,이비스 스타일 앰배서더 서울 강남,숙박 > 호텔 > 호텔,서울특별시 강남구 삼성로 431,True,False
2782181,서울,호텔토마스명동,숙박 > 호텔 > 호텔,서울특별시 중구 세종대로16길 26 (북창동),True,False
1556008,서울,롯데시티호텔 김포공항,숙박 > 호텔 > 호텔,서울특별시 강서구 하늘길 38 (방화동),True,False
3464974,서울,신라스테이 삼성,숙박 > 호텔 > 호텔,서울특별시 강남구 영동대로 506 (삼성동),True,False
2528110,서울,더퍼스트스테이 호텔,숙박 > 호텔 > 호텔,서울특별시 강서구 마곡동로4길 23 (마곡동),True,False
3379735,서울,맹그로브 신설,숙박 > 호텔 > 호텔,서울특별시 동대문구 왕산로 22 (신설동),True,False
2991972,서울,소테츠 호텔즈 더 스프라지르 서울 동대문,숙박 > 호텔 > 호텔,서울특별시 중구 장충단로 226 (광희동2가),True,False
2992010,서울,소테츠 호텔즈 더 스프라지르 서울 명동,숙박 > 호텔 > 호텔,서울특별시 중구 남대문로5길 15 (북창동),True,False
2603252,서울,프레이저 플레이스 센트럴 서울,숙박 > 모텔 > 모텔,서울특별시 중구 통일로 78,True,False
3080814,서울,호텔디아티스트,숙박 > 모텔 > 모텔,서울특별시 강남구 테헤란로29길 11 (역삼동),True,False
3084993,서울,호텔디아티스트 연신내점,숙박 > 호텔 > 호텔,서울특별시 은평구 통일로 891 (갈현동),True,False
3464880,서울,오라카이 인사동 스위츠,숙박 > 콘도미니엄 > 레지던스,서울특별시 종로구 인사동4길 18 (낙원동),True,False
2905416,서울,라이즈오토그래프컬렉션,숙박 > 호텔 > 호텔,서울특별시 마포구 양화로 130 (서교동),True,False
2814165,서울,오클라우드호텔,숙박 > 호텔 > 호텔,서울특별시 서초구 사평대로58길 12 오클라우드 호텔,True,False
2725087,서울,트레블로지 동대문 호텔,숙박 > 호텔 > 호텔,서울특별시 중구 동호로 359,True,False
3084394,서울,호텔아르누보서초,숙박 > 호텔 > 호텔,서울특별시 서초구 서초대로 357 (서초동),True,False
2634434,서울,로얄스퀘어호텔,숙박 > 호스텔 > 게스트하우스,서울특별시 강서구 공항대로 30,True,False
3465100,서울,포포인츠 바이 쉐라톤 서울 강남,숙박 > 호텔 > 호텔,서울특별시 강남구 도산대로 203 (신사동),True,False
3079553,서울,오리엔스호텔&레지던스,숙박 > 호텔 > 호텔,서울특별시 중구 삼일대로2길 50 (예장동),True,False
1190304,서울,하이서울유스호스텔,숙박 > 호스텔 > 유스호스텔,서울특별시 영등포구 영신로 200 (영등포동7가),True,False
2548198,서울,L7 강남 바이 롯데호텔,숙박 > 호텔 > 호텔,서울특별시 강남구 테헤란로 415,True,False
3080102,서울,호텔 베이204(Hotel Bay204),숙박 > 호텔 > 호텔,서울특별시 도봉구 도봉로 710 (방학동),True,False
142751,서울,서울프린스호텔,숙박 > 호텔 > 호텔,서울특별시 중구 퇴계로 130 (남산동2가),True,False
2602555,서울,영빈호텔,숙박 > 호스텔 > 게스트하우스,서울특별시 중구 퇴계로56길 18,True,False
3492920,서울,글래드 여의도,숙박 > 호텔 > 호텔,서울특별시 영등포구 의사당대로 16 (여의도동),True,False
1990929,서울,리치 다이아몬드 호텔,숙박 > 호텔 > 호텔,서울특별시 강북구 삼양로 500-18,True,False
3080826,서울,오월호텔,숙박 > 호텔 > 호텔,서울특별시 강남구 언주로85길 27 (역삼동),True,False
3085303,서울,이사벨관광호텔,숙박 > 모텔 > 모텔,서울특별시 금천구 가산로 50 (독산동),True,False
3438450,서울,평안채,숙박 > 펜션/민박 > 한옥스테이,서울특별시 은평구 연서로50길 9 (진관동),True,False
4071139,서울,더 링크 서울 트리뷰트 포트폴리오 호텔,숙박 > 호텔 > 호텔,서울특별시 구로구 경인로 610 (신도림동),True,False
3484512,서울,아늑호텔 영등포점,숙박 > 모텔 > 모텔,서울특별시 영등포구 영중로10길 10 (영등포동3가),True,False
2541308,서울,잠실 상주호텔,숙박 > 모텔 > 모텔,서울특별시 송파구 올림픽로8길 19 (잠실동),True,False
3079801,서울,호텔 스카이파크 센트럴 명동점,숙박 > 호텔 > 호텔,서울특별시 중구 명동9길 16 (명동1가),True,False
3387475,서울,노보텔 스위트 앰배서더 서울 용산,숙박 > 호텔 > 호텔,서울특별시 용산구 청파로20길 95 (한강로3가),True,False
2573604,서울,티롤관광호텔,숙박 > 호텔 > 호텔,서울특별시 서초구 나루터로 64,True,False
2019203,서울,호텔 더 디자이너스 종로점,숙박 > 호텔 > 호텔,서울특별시 종로구 수표로 89-8 (관수동),True,False
3379704,서울,맹그로브 동대문,숙박 > 호텔 > 호텔,서울특별시 중구 퇴계로 334 (광희동2가),True,False
2489973,서울,57명동호스텔,숙박 > 호텔 > 호텔,서울특별시 중구 명동2길 57,True,False
3080485,서울,CS AVENUE호텔,숙박 > 호텔 > 호텔,서울특별시 은평구 통일로 585-1 (응암동),True,False
2573944,서울,Cozy Lodge,숙박 > 호스텔 > 게스트하우스,서울특별시 관악구 성현로 80,True,False
2576334,서울,Tina`s Homestay,숙박 > 호스텔 > 게스트하우스,서울특별시 송파구 삼학사로19길 17,True,False
2574118,서울,강남스테이힐(Gangnam Stay Hill),숙박 > 호스텔 > 게스트하우스,서울특별시 강남구 테헤란로13길 65,True,False
2650614,서울,강남아르누보씨티호텔,숙박 > 호텔 > 호텔,서울특별시 서초구 서초대로74길 49 (서초동),True,False
2528117,서울,교대게스트하우스,숙박 > 호스텔 > 게스트하우스,서울특별시 서초구 사임당로17길 116 서초삼성래미안아파트,True,False
142769,서울,그랜드 인터컨티넨탈 서울 파르나스,숙박 > 호텔 > 호텔,서울특별시 강남구 테헤란로 521,True,False
3532713,서울,글로리 인 연신내,숙박 > 펜션/민박 > 홈스테이,"서울특별시 은평구 통일로78길 26-9 (불광동, 불광트레비앙)",True,False
2576469,서울,나루게스트하우스,숙박 > 호스텔 > 게스트하우스,서울특별시 마포구 양화로12길 8-12,True,False
3303810,서울,나무호텔,숙박 > 호텔 > 호텔,서울특별시 광진구 아차산로76가길 12 (광장동),True,False
2918636,서울,나인브릭호텔,숙박 > 호텔 > 호텔,서울특별시 마포구 홍익로5길 32 (서교동),True,False
2487684,서울,남산호스텔,숙박 > 호스텔 > 게스트하우스,서울특별시 중구 퇴계로18길 67,True,False
142721,서울,노보텔 앰배서더 서울 강남,숙박 > 호텔 > 호텔,서울특별시 강남구 봉은사로 130 (역삼동),True,False
3337233,서울,노보텔 앰배서더 서울 동대문 호텔 & 레지던스,숙박 > 호텔 > 호텔,서울특별시 중구 을지로 238 (을지로6가),True,False
2707440,서울,누와,숙박 > 펜션/민박 > 한옥스테이,서울특별시 종로구 필운대로5나길 3-1,True,False
142740,서울,뉴서울호텔,숙박 > 호텔 > 호텔,서울특별시 중구 세종대로22길 16,True,False
2570238,서울,능마루게스트하우스(Nungmaru Guesthouse),숙박 > 호스텔 > 게스트하우스,서울특별시 중구 퇴계로20나길 2-15,True,False
142725,서울,더 플라자 호텔 서울,숙박 > 호텔 > 호텔,서울특별시 중구 소공로 119,True,False
3076176,서울,더리센츠동대문호텔,숙박 > 호텔 > 호텔,서울특별시 동대문구 천호대로 383 (장안동),True,False
3483874,서울,더휴식 누베르 서울 이태원점,숙박 > 모텔 > 모텔,서울특별시 용산구 우사단로14길 11 (이태원동),True,False
3485369,서울,더휴식 심도 호텔 앤 스파 신림역점,숙박 > 모텔 > 모텔,서울특별시 관악구 남부순환로181길 7 (신림동),True,False
3483920,서울,더휴식 아늑호텔 신촌점,숙박 > 모텔 > 모텔,서울특별시 서대문구 연세로2길 49 (창천동),True,False
3485523,서울,더휴식 아늑호텔 홍대점,숙박 > 모텔 > 모텔,서울특별시 마포구 동교로 162-7 (서교동),True,False
2504658,서울,딜라이트 호텔,숙박 > 호텔 > 호텔,서울특별시 송파구 오금로11길 21-9 (방이동),True,False
3084396,서울,라바호텔,숙박 > 모텔 > 모텔,서울특별시 서초구 효령로53길 40 (서초동),True,False
509241,서울,라이프스타일 F호텔,숙박 > 모텔 > 모텔,서울특별시 영등포구 경인로108길 8,True,False
2576479,서울,레드,숙박 > 호스텔 > 게스트하우스,서울특별시 중구 소공로6길 32,True,False
1834542,서울,레인보우호텔,숙박 > 모텔 > 모텔,서울특별시 용산구 한강대로71길 48 (갈월동),True,False
3080539,서울,렉스관광호텔,숙박 > 호텔 > 호텔,서울특별시 강남구 강남대로 588 (논현동),True,False
142979,서울,렉스호텔,숙박 > 호텔 > 호텔,서울특별시 중구 퇴계로10길 23,True,False
3076237,서울,로사나관광호텔,숙박 > 호텔 > 호텔,서울특별시 송파구 삼학사로 98 (석촌동),True,False
2907142,서울,롯데호텔 L7홍대,숙박 > 호텔 > 호텔,서울특별시 마포구 양화로 141 롯데호텔 L7홍대,True,False
3341540,서울,르메르디앙 서울 명동,숙박 > 호텔 > 호텔,서울특별시 중구 명동8나길 38 (충무로1가),True,False
2650639,서울,리버사이드게스트하우스,숙박 > 호스텔 > 게스트하우스,서울특별시 광진구 뚝섬로 702-4,True,False
2804387,서울,린다픽,숙박 > 호스텔 > 게스트하우스,서울특별시 용산구 이태원로23길 26-5,True,False
2917226,서울,머큐어 앰배서더 서울 홍대,숙박 > 호텔 > 호텔,서울특별시 마포구 양화로 144 (동교동),True,False
1327006,서울,메리어트 이그제큐티브 아파트먼트 서울 여의도,숙박 > 호텔 > 호텔,서울특별시 영등포구 여의대로 8 (여의도동),True,False
3532720,서울,메모리스테이 효자,숙박 > 펜션/민박 > 한옥스테이,서울특별시 종로구 자하문로 76-4 (효자동),True,False
2552651,서울,메이플레이스,숙박 > 호텔 > 호텔,서울특별시 종로구 율곡로 179 (원남동),True,False
142747,서울,메트로호텔,숙박 > 호텔 > 호텔,서울특별시 중구 명동9가길 14,True,False
2706686,서울,명동게스트하우스 꼬모,숙박 > 호스텔 > 게스트하우스,서울특별시 중구 퇴계로24길 12,True,False
3341609,서울,목시 서울 명동,숙박 > 호텔 > 호텔,서울특별시 중구 명동8나길 38 (충무로1가),True,False
3395428,서울,보코 서울 명동,숙박 > 호텔 > 호텔,서울특별시 중구 퇴계로 52 (회현동1가),True,False
2592489,서울,복합한옥공간 곳,숙박 > 펜션/민박 > 한옥스테이,서울특별시 종로구 계동길 52-11 (계동),True,False
2575836,서울,북촌 게스트하우스,숙박 > 펜션/민박 > 한옥스테이,서울특별시 종로구 북촌로 20-17,True,False
3023167,서울,브라운스위트 신촌센트럴,숙박 > 모텔 > 모텔,서울특별시 마포구 서강로 137 (노고산동),True,False
2574202,서울,서울 성북 홈스테이,숙박 > 호스텔 > 게스트하우스,서울특별시 성북구 화랑로 76,True,False
2570293,서울,서울 타이완 게스트하우스,숙박 > 호스텔 > 게스트하우스,서울특별시 중구 퇴계로10길 20-18,True,False
142734,서울,서울신라호텔,숙박 > 호텔 > 호텔,서울특별시 중구 동호로 249,True,False
2569150,서울,서울이야기 한옥(서울이야기한옥게스트하우스),숙박 > 펜션/민박 > 한옥스테이,서울특별시 종로구 율곡로5길 3-19,True,False
2804401,서울,서울한옥스테이(jnpstay),숙박 > 펜션/민박 > 한옥스테이,서울특별시 종로구 자하문로1나길 7-28,True,False
2992043,서울,소테츠 프레사 인 서울 명동,숙박 > 모텔 > 모텔,서울특별시 중구 명동길 48 (명동2가),True,False
3337577,서울,소피텔 앰배서더 서울 호텔&서비스드 레지던스,숙박 > 호텔 > 호텔,서울특별시 송파구 잠실로 209 (신천동),True,False
2707439,서울,스테이 데이 오프,숙박 > 펜션/민박 > 한옥스테이,서울특별시 종로구 자하문로1다길 6,True,False
3484585,서울,스테이 패스포트 신당 료칸,숙박 > 모텔 > 모텔,서울특별시 중구 난계로11길 33 (황학동),True,False
3484356,서울,스테이 패스포트 익스프레스 스파 당산점,숙박 > 모텔 > 모텔,서울특별시 영등포구 양평로 92-1 (양평동4가),True,False
2465890,서울,시은재,숙박 > 펜션/민박 > 한옥스테이,서울특별시 종로구 삼일대로 439,True,False
2708666,서울,신촌 시스터즈,숙박 > 호스텔 > 게스트하우스,서울특별시 마포구 백범로2길 24,True,False
2011019,서울,써미트 호텔 서울,숙박 > 호텔 > 호텔,서울특별시 중구 장충단로 198,True,False
2590471,서울,쓰리세븐호텔,숙박 > 호텔 > 호텔,서울특별시 동대문구 이문로 192,True,False
3484551,서울,아늑에어 호텔 개봉점,숙박 > 모텔 > 모텔,서울특별시 구로구 남부순환로95길 38-12 (개봉동),True,False
3484425,서울,아늑호텔 앤 스파 종로운니점,숙박 > 모텔 > 모텔,"서울특별시 종로구 돈화문로11가길 89 (운니동, 시티파크)",True,False
3072227,서울,아담한옥,숙박 > 펜션/민박 > 한옥스테이,서울특별시 종로구 필운대로6길 21 (통인동),True,False
2575171,서울,아름다운 황토집,숙박 > 호스텔 > 게스트하우스,서울특별시 은평구 통일로92길 30,True,False
2569959,서울,아리하우스,숙박 > 호스텔 > 게스트하우스,서울특별시 중구 퇴계로22길 11-4,True,False
2570447,서울,애플트리(Apple tree)(애플트리게스트하우스),숙박 > 호스텔 > 게스트하우스,서울특별시 마포구 월드컵로20길 41-5,True,False
2576511,서울,어반우드,숙박 > 호스텔 > 게스트하우스,서울특별시 마포구 와우산로29마길 5,True,False
3080077,서울,에스알 호텔 마곡,숙박 > 호텔 > 호텔,서울특별시 강서구 강서로 400 (등촌동),True,False
3091243,서울,에이치에비뉴 건대점,숙박 > 호텔 > 호텔,서울특별시 광진구 동일로 156 (화양동),True,False
2570692,서울,엘스테이(Gangnam AN guesthouse),숙박 > 호스텔 > 게스트하우스,서울특별시 서초구 사평대로53길 8-3,True,False
1883087,서울,연우하우스,숙박 > 펜션/민박 > 한옥스테이,서울특별시 종로구 북촌로12길 5-13,True,False
2940719,서울,예린당 바이 버틀러리,숙박 > 펜션/민박 > 한옥스테이,서울특별시 종로구 자하문로5가길 17-8,True,False
2576513,서울,예하도예 게스트하우스(YEHADOYE guesthouse),숙박 > 호스텔 > 게스트하우스,서울특별시 종로구 인사동12길 10,True,False
3072240,서울,온유헌 바이 버틀러리,숙박 > 펜션/민박 > 한옥스테이,서울특별시 종로구 계동길 92-19 (계동),True,False
3084991,서울,웨스턴 코업호텔앤레지던스,숙박 > 모텔 > 모텔,서울특별시 중구 을지로 228 (을지로5가),True,False
142730,서울,웨스틴 조선 서울,숙박 > 호텔 > 호텔,서울특별시 중구 소공로 106,True,False
2817140,서울,위고인호스텔,숙박 > 호텔 > 호텔,서울특별시 서대문구 신촌로 141 (대현동),True,False
3072235,서울,유준당 바이 버틀러리,숙박 > 펜션/민박 > 한옥스테이,서울특별시 종로구 계동4길 10-4 (계동),True,False
2676000,서울,응정헌,숙박 > 펜션/민박 > 한옥스테이,서울특별시 은평구 연서로50길 19,True,False
2574082,서울,이브(이브게스트하우스),숙박 > 호스텔 > 게스트하우스,서울특별시 중구 퇴계로20길 41-14,True,False
436076,서울,이비스 앰배서더 명동,숙박 > 호텔 > 호텔,서울특별시 중구 남대문로 78,True,False
1882248,서울,인우하우스,숙박 > 펜션/민박 > 한옥스테이,서울특별시 종로구 계동6길 9,True,False
2707445,서울,일독일박,숙박 > 펜션/민박 > 한옥스테이,서울특별시 종로구 필운대로3길 11-1,True,False
142771,서울,임피리얼 팰리스 부티크 호텔,숙박 > 호텔 > 호텔,서울특별시 용산구 이태원로 221 임피리얼 팰리스  부티크 호텔,True,False
2706777,서울,정스패밀리,숙박 > 호스텔 > 게스트하우스,서울특별시 용산구 효창원로8길 16,True,False
2570164,서울,지유,숙박 > 호스텔 > 게스트하우스,서울특별시 종로구 종로 347,True,False
4041219,서울,지후헌,숙박 > 펜션/민박 > 한옥스테이,서울특별시 성북구 성북로5길 38 (성북동1가),True,False
2679044,서울,청향재,숙박 > 펜션/민박 > 한옥스테이,서울특별시 은평구 진관길 18,True,False
136594,서울,초콜렛호텔,숙박 > 모텔 > 모텔,서울특별시 강서구 강서로5가길 24,True,False
2546564,서울,코트야드 메리어트 서울 명동,숙박 > 호텔 > 호텔,서울특별시 중구 남대문로 9,True,False
1102250,서울,코트야드 바이 메리어트 서울타임스퀘어,숙박 > 호텔 > 호텔,서울특별시 영등포구 영중로 15 (영등포동4가),True,False
1853800,서울,콘래드 서울,숙박 > 호텔 > 호텔,서울특별시 영등포구 국제금융로 10 (여의도동),True,False
2572829,서울,큐브 게스트하우스,숙박 > 호스텔 > 게스트하우스,서울특별시 용산구 이태원로23길 28-4,True,False
3084395,서울,토요코인호텔 강남,숙박 > 호텔 > 호텔,서울특별시 서초구 강남대로 323 (서초동),True,False
3091220,서울,톰지호텔,숙박 > 모텔 > 모텔,서울특별시 송파구 오금로11길 21-12 (방이동),True,False
136249,서울,트리아 관광호텔,숙박 > 호텔 > 호텔,서울특별시 강남구 테헤란로33길 16,True,False
143123,서울,파크 하얏트 서울,숙박 > 호텔 > 호텔,서울특별시 강남구 테헤란로 606 (대치동),True,False
2707438,서울,하은재,숙박 > 펜션/민박 > 한옥스테이,서울특별시 종로구 자하문로 68-10,True,False
2571971,서울,한스하우스(Hans house),숙박 > 호스텔 > 게스트하우스,서울특별시 종로구 자하문로1다길 20,True,False
2706047,서울,한옥 게스트하우스 동촌재,숙박 > 펜션/민박 > 한옥스테이,서울특별시 종로구 자하문로11길 21-10,True,False
3072072,서울,한옥에세이 서촌,숙박 > 펜션/민박 > 한옥스테이,서울특별시 종로구 필운대로3길 12 (누하동),True,False
3084990,서울,호텔 더 디자이너스 동대문,숙박 > 호텔 > 호텔,서울특별시 중구 퇴계로 306 (쌍림동),True,False
2591914,서울,호텔 더 디자이너스 청량리(Hotel the designers),숙박 > 호텔 > 호텔,서울특별시 동대문구 왕산로 226,True,False
1876565,서울,호텔 마누,숙박 > 호텔 > 호텔,서울특별시 중구 퇴계로 19,True,False
3080520,서울,호텔 엔트라,숙박 > 호텔 > 호텔,서울특별시 강남구 도산대로 508 (청담동),True,False
2602777,서울,호텔 카푸치노,숙박 > 호텔 > 호텔,서울특별시 강남구 봉은사로 155 (논현동),True,False
3080809,서울,호텔 페이토 삼성,숙박 > 호텔 > 호텔,서울특별시 강남구 테헤란로87길 9 (삼성동),True,False
142757,서울,호텔 피제이,숙박 > 호텔 > 호텔,서울특별시 중구 마른내로 71,True,False
3085020,서울,호텔로프트,숙박 > 호텔 > 호텔,서울특별시 영등포구 선유동2로 72 (당산동5가),True,False
142764,서울,호텔리베라 청담,숙박 > 호텔 > 호텔,서울특별시 강남구 영동대로 737,True,False
3084397,서울,호텔소설,숙박 > 호텔 > 호텔,서울특별시 서초구 반포대로14길 53 (서초동),True,False
3080820,서울,호텔스타프리미어 역삼,숙박 > 호텔 > 호텔,서울특별시 강남구 테헤란로33길 6-11 (역삼동),True,False
3080781,서울,호텔유리앤,숙박 > 호텔 > 호텔,서울특별시 강남구 삼성로96길 20 (삼성동),True,False
2594760,서울,호텔큐비(호텔QB),숙박 > 호텔 > 호텔,서울특별시 종로구 종로 322-10 (창신동),True,False
3080130,서울,호텔포코 성수,숙박 > 호텔 > 호텔,서울특별시 성동구 성수이로 96 (성수동2가),True,False
3076726,서울,홀리데이 인 익스프레스 서울 홍대,숙박 > 호텔 > 호텔,서울특별시 마포구 양화로 188 (동교동),True,False
2592527,서울,힐하우스 호텔,숙박 > 호텔 > 호텔,서울특별시 중구 소공로3길 42 언덕의집,True,False
2603706,서울,1012 하우스 남산,숙박 > 호스텔 > 게스트하우스,서울특별시 중구 소공로6가길 22,True,False
2666403,서울,24게스트하우스(서울 잠실점) (24게스트하우스 잠실점),숙박 > 호스텔 > 게스트하우스,서울특별시 송파구 백제고분로22길 5,True,False
2699637,서울,2U호스텔,숙박 > 호스텔 > 게스트하우스,서울특별시 중구 청계천로 184,True,False
2602549,서울,96번지 트래블러스 롯지,숙박 > 호스텔 > 게스트하우스,서울특별시 중구 퇴계로 343-1,True,False
2607446,서울,AT 30,숙박 > 호스텔 > 게스트하우스,서울특별시 마포구 양화로19길 22-13,True,False
2602468,서울,B my guesthouse,숙박 > 호스텔 > 게스트하우스,서울특별시 중구 소공로6가길 2,True,False
2619965,서울,Goldlady's House,숙박 > 호스텔 > 게스트하우스,서울특별시 송파구 올림픽로 99,True,False
2568938,서울,Jeong's family(정스패밀리),숙박 > 호스텔 > 게스트하우스,서울특별시 용산구 효창원로8길 16,True,False
2666430,서울,K-그랜드 호스텔 강남 1(K-GRAND HOSTEL GANGNAM1),숙박 > 호스텔 > 게스트하우스,서울특별시 강남구 강남대로112길 11,True,False
3438559,서울,Stay Vibe,숙박 > 호스텔 > 게스트하우스,서울특별시 종로구 평창1길 7-4 (평창동),True,False
3532718,서울,Sweet Dream House,숙박 > 펜션/민박 > 홈스테이,"서울특별시 강서구 남부순환로9길 13-9 (공항동, 하우스 공감)",True,False
2624028,서울,Sweet Home Seoul,숙박 > 호스텔 > 게스트하우스,서울특별시 영등포구 영중로 145,True,False
2608038,서울,USB하우스,숙박 > 호스텔 > 게스트하우스,서울특별시 중구 동호로 290-9,True,False
2651936,서울,Y's house,숙박 > 호스텔 > 게스트하우스,서울특별시 마포구 월드컵북로6길 89-9,True,False
2619938,서울,brother house(artist house),숙박 > 호스텔 > 게스트하우스,서울특별시 마포구 연희로1길 55-6,True,False
2663306,서울,casa cielo,숙박 > 호스텔 > 게스트하우스,서울특별시 용산구 청파로63길 18,True,False
3533162,서울,peace in bnb,숙박 > 펜션/민박 > 홈스테이,서울특별시 서대문구 신촌로1길 57 (창천동),True,False
2607620,서울,게스트하우스강남,숙박 > 호스텔 > 게스트하우스,서울특별시 강남구 압구정로34길 33,True,False
3533122,서울,고은,숙박 > 호스텔 > 게스트하우스,"서울특별시 종로구 동숭4나길 25 (동숭동, 상일아트빌라)",True,False
3080089,서울,골든호텔,숙박 > 모텔 > 모텔,서울특별시 강서구 마곡중앙6로 89 (마곡동),True,False
3532757,서울,곰곰하우스,숙박 > 펜션/민박 > 한옥스테이,서울특별시 종로구 계동길 85-15 (계동),True,False
3438351,서울,관숙,숙박 > 호스텔 > 게스트하우스,서울특별시 마포구 백범로15길 27 (대흥동),True,False
1884337,서울,국제청소년센터 유스호스텔,숙박 > 호스텔 > 유스호스텔,서울특별시 강서구 금낭화로 234,True,False
3387829,서울,그랜드 머큐어 앰버서더 서울 용산,숙박 > 호텔 > 호텔,서울특별시 용산구 청파로20길 95 (한강로3가),True,False
3438659,서울,그루브하우스,숙박 > 호스텔 > 게스트하우스,서울특별시 동대문구 서울시립대로25길 10 (전농동),True,False
3465927,서울,글래드 마포,숙박 > 호텔 > 호텔,서울특별시 마포구 마포대로 92 (도화동),True,False
2607806,서울,나비호스텔,숙박 > 호스텔 > 게스트하우스,서울특별시 마포구 양화로 177-1,True,False
3079823,서울,나인트리 바이 파르나스 서울 동대문,숙박 > 호텔 > 호텔,서울특별시 중구 을지로 224 (을지로5가),True,False
1800943,서울,나인트리 바이 파르나스 서울 명동,숙박 > 호텔 > 호텔,서울특별시 중구 명동10길 51,True,False
3438242,서울,남산스토리 나인,숙박 > 호스텔 > 게스트하우스,서울특별시 중구 퇴계로8길 93 (회현동1가),True,False
3387114,서울,노보텔 앰배서더 서울 용산,숙박 > 호텔 > 호텔,서울특별시 용산구 청파로20길 95 (한강로3가),True,False
2006842,서울,노블관광호텔 인사동,숙박 > 호텔 > 호텔,서울특별시 종로구 율곡로6길 13-3 노블호텔,True,False
3438166,서울,뉠스테이,숙박 > 펜션/민박 > 한옥스테이,서울특별시 종로구 필운대로5길 17 (누하동),True,False
2700281,서울,니트하우스,숙박 > 호스텔 > 게스트하우스,서울특별시 마포구 양화로15안길 7,True,False
3438485,서울,다락재,숙박 > 펜션/민박 > 한옥스테이,서울특별시 은평구 연서로50길 11-48 (진관동),True,False
2608491,서울,다산하우스,숙박 > 호스텔 > 게스트하우스,서울특별시 강서구 송정로 70,True,False
3532629,서울,단밤하우스,숙박 > 호스텔 > 게스트하우스,서울특별시 용산구 청파로85가길 10-4 (서계동),True,False
3438452,서울,담서제,숙박 > 펜션/민박 > 한옥스테이,서울특별시 은평구 연서로50길 15 (진관동),True,False
3438379,서울,더 모먼트,숙박 > 펜션/민박 > 한옥스테이,서울특별시 종로구 자하문로1다길 16-1 (체부동),True,False
3438094,서울,더쉼 공간,숙박 > 호스텔 > 게스트하우스,서울특별시 동대문구 제기로 7 (제기동),True,False
3532628,서울,던하우스,숙박 > 펜션/민박 > 홈스테이,서울특별시 용산구 청파로85가길 10-4 (서계동),True,False
3532896,서울,도화스테이,숙박 > 호스텔 > 게스트하우스,서울특별시 마포구 새창로4가길 9 (도화동),True,False
2608495,서울,둥글하우스 (Doonggle House),숙박 > 호스텔 > 게스트하우스,서울특별시 관악구 남부순환로247가길 22,True,False
1801311,서울,드어반관광호텔,숙박 > 호텔 > 호텔,서울특별시 강서구 곰달래로24길 35,True,False
3533001,서울,디에이치 성수포레,숙박 > 호스텔 > 게스트하우스,서울특별시 성동구 왕십리로8길 17-5 (성수동1가),True,False
3532906,서울,라우펜스테이,숙박 > 호스텔 > 게스트하우스,"서울특별시 금천구 독산로44길 29 (시흥동, 인경스마트빌딩)",True,False
2700971,서울,락고재 서울 북촌 한옥호텔,숙박 > 호텔 > 호텔,서울특별시 종로구 계동길 49-23,True,False
3532633,서울,리틀포레한강,숙박 > 펜션/민박 > 홈스테이,서울특별시 성동구 왕십리로8길 19-5 (성수동1가),True,False
3533136,서울,모드하우스,숙박 > 호스텔 > 게스트하우스,서울특별시 용산구 회나무로39가길 18 (이태원동),True,False
3102032,서울,무아기와,숙박 > 펜션/민박 > 한옥스테이,서울특별시 동대문구 서울시립대로4길 27-27 (전농동),True,False
3438215,서울,무월관,숙박 > 펜션/민박 > 한옥스테이,서울특별시 종로구 윤보선길 19-16 (안국동),True,False
2608499,서울,미담 한옥 게스트 하우스,숙박 > 펜션/민박 > 한옥스테이,서울특별시 종로구 북촌로6길 25-6,True,False
2669165,서울,미로 게스트하우스,숙박 > 호스텔 > 게스트하우스,서울특별시 마포구 동교로38길 27,True,False
3102095,서울,보라보라,숙박 > 호스텔 > 게스트하우스,서울특별시 용산구 이태원로26길 25-12 (이태원동),True,False
3533015,서울,보문소담,숙박 > 호스텔 > 게스트하우스,서울특별시 성북구 보문로21길 15-3 (보문동5가),True,False
3465527,서울,보코 서울 강남,숙박 > 호텔 > 호텔,서울특별시 강남구 도산대로 144 (논현동),True,False
3438381,서울,북촌다락방,숙박 > 펜션/민박 > 한옥스테이,서울특별시 종로구 북촌로11가길 27 (가회동),True,False
3072219,서울,북촌빈관 by 락고재,숙박 > 펜션/민박 > 한옥스테이,서울특별시 종로구 북촌로11가길 10 (가회동),True,False
2610892,서울,빅 존스 플레이스,숙박 > 호스텔 > 게스트하우스,서울특별시 강남구 강남대로110길 31-1,True,False
3438402,서울,사사로이,숙박 > 펜션/민박 > 한옥스테이,서울특별시 종로구 율곡로1길 40-59 (사간동),True,False
3438431,서울,사월 한옥,숙박 > 펜션/민박 > 한옥스테이,서울특별시 성북구 성북로 76-11 (성북동),True,False
3438435,서울,사임당 귀한그대,숙박 > 펜션/민박 > 한옥스테이,서울특별시 은평구 연서로50길 11-26 (진관동),True,False
3438287,서울,사적인,숙박 > 펜션/민박 > 한옥스테이,서울특별시 종로구 율곡로4길 11-8 (견지동),True,False
2588198,서울,삼청동 코리아 게스트하우스,숙박 > 호스텔 > 게스트하우스,서울특별시 종로구 삼청로4길 12-1,True,False
3438494,서울,상상헌,숙박 > 펜션/민박 > 한옥스테이,서울특별시 은평구 연서로50길 3-8 (진관동),True,False
3438468,서울,생활서가,숙박 > 펜션/민박 > 한옥스테이,서울특별시 은평구 진관길 11-7 (진관동),True,False
2608496,서울,샤갈의 집,숙박 > 호스텔 > 게스트하우스,서울특별시 관악구 남부순환로247길 14-8,True,False
3529694,서울,서울아리,숙박 > 펜션/민박 > 한옥스테이,서울특별시 종로구 율곡로10길 15-8 (권농동),True,False
2612196,서울,서울큐브 이화,숙박 > 호스텔 > 게스트하우스,서울특별시 마포구 대흥로30길 18-10,True,False
3533019,서울,서유니스테이,숙박 > 호스텔 > 게스트하우스,서울특별시 종로구 성균관로14길 63 (명륜1가),True,False
3102210,서울,선음재,숙박 > 펜션/민박 > 한옥스테이,서울특별시 종로구 북촌로 94-14 (가회동),True,False
3438420,서울,성북 은은한가,숙박 > 펜션/민박 > 한옥스테이,서울특별시 성북구 동소문로13가길 76-5 (동소문동4가),True,False
2660696,서울,세연재,숙박 > 펜션/민박 > 한옥스테이,서울특별시 은평구 연서로50길 17,True,False
3438030,서울,센서빌리,숙박 > 호스텔 > 게스트하우스,서울특별시 동대문구 서울시립대로25길 10 (전농동),True,False
2696312,서울,소담스테이,숙박 > 펜션/민박 > 한옥스테이,서울특별시 마포구 마포대로14길 12-17,True,False
2583699,서울,소소하우스,숙박 > 펜션/민박 > 한옥스테이,서울특별시 종로구 필운대로5가길 16-5,True,False
3438496,서울,소우주,숙박 > 펜션/민박 > 한옥스테이,서울특별시 은평구 연서로50길 7 (진관동),True,False
3438735,서울,소월담,숙박 > 펜션/민박 > 한옥스테이,서울특별시 종로구 북촌로 20-25 (재동),True,False
3438724,서울,소월정,숙박 > 펜션/민박 > 한옥스테이,서울특별시 종로구 창덕궁길 172-2 (가회동),True,False
3532634,서울,수채화,숙박 > 호스텔 > 게스트하우스,"서울특별시 은평구 녹번로7길 20-18 (녹번동, 수채화)",True,False
2604078,서울,숨바꼭질(Hide & Seek)(Hide & Seek (숨바꼭질) 게스트하우스),숙박 > 호스텔 > 게스트하우스,서울특별시 종로구 자하문로6길 14,True,False
2620049,서울,스윗 서울,숙박 > 호스텔 > 게스트하우스,서울특별시 송파구 올림픽로12길 48-1,True,False
3533112,서울,스윗미1949,숙박 > 호스텔 > 게스트하우스,서울특별시 용산구 청파로83길 27-2 (서계동),True,False
3533139,서울,스테이 공간,숙박 > 호스텔 > 게스트하우스,서울특별시 영등포구 선유서로25길 18-7 (양평동2가),True,False
3438126,서울,스테이 어플로트,숙박 > 펜션/민박 > 한옥스테이,서울특별시 종로구 효자로7길 22-11 (통의동),True,False
3532759,서울,스테이 희와,숙박 > 펜션/민박 > 한옥스테이,서울특별시 종로구 혜화로11가길 16-3 (명륜1가),True,False
3438359,서울,스테이모일,숙박 > 펜션/민박 > 한옥스테이,서울특별시 종로구 율곡로10길 19 (권농동),True,False
3533140,서울,스테이별빛숭인,숙박 > 호스텔 > 게스트하우스,서울특별시 종로구 종로65가길 19 (숭인동),True,False
3533004,서울,스테이보리,숙박 > 호스텔 > 게스트하우스,서울특별시 성동구 성수이로16길 48 (성수동2가),True,False
3533020,서울,스테이영에버,숙박 > 호스텔 > 게스트하우스,서울특별시 종로구 창신8길 17 (창신동),True,False
3438035,서울,스테이청운,숙박 > 호스텔 > 게스트하우스,서울특별시 종로구 자하문로 131-21 (청운동),True,False
3533110,서울,스테이코멧,숙박 > 호스텔 > 게스트하우스,서울특별시 종로구 창신8길 17 (창신동),True,False
3533164,서울,스테이콘티고,숙박 > 호스텔 > 게스트하우스,서울특별시 마포구 동교로38길 26-7 (연남동),True,False
4074859,서울,스테이텐,숙박 > 호스텔 > 게스트하우스,서울특별시 중구 다산로33길 57 (신당동),True,False
3438249,서울,아보헌,숙박 > 펜션/민박 > 한옥스테이,서울특별시 종로구 창덕궁길 104 (원서동),True,False
3438082,서울,안길사가,숙박 > 펜션/민박 > 한옥스테이,서울특별시 종로구 북촌로1길 24-2 (안국동),True,False
3533141,서울,안녕 올라 서울,숙박 > 호스텔 > 게스트하우스,서울특별시 관악구 남부순환로160길 37 (신림동),True,False
3438329,서울,안유재,숙박 > 펜션/민박 > 한옥스테이,서울특별시 종로구 창덕궁7길 3 (원서동),True,False
3533161,서울,앙니드 공이안,숙박 > 펜션/민박 > 한옥스테이,서울특별시 종로구 북촌로5가길 44-5 (화동),True,False
3533142,서울,앤드류 게스트하우스,숙박 > 호스텔 > 게스트하우스,"서울특별시 마포구 와우산로29길 56-9 (서교동, 홍익예림빌라)",True,False
2610854,서울,야코리아호스텔 강남점,숙박 > 호스텔 > 게스트하우스,서울특별시 강남구 테헤란로43길 19,True,False
3532571,서울,양스테이,숙박 > 호스텔 > 게스트하우스,서울특별시 동대문구 망우로 28 (휘경동),True,False
2700928,서울,업플로 호스텔,숙박 > 호스텔 > 게스트하우스,서울특별시 서초구 서초대로56길 18,True,False
3533118,서울,엘하우스,숙박 > 호스텔 > 게스트하우스,서울특별시 용산구 청파로85가길 19-4 (서계동),True,False
3438182,서울,여느날,숙박 > 펜션/민박 > 한옥스테이,서울특별시 종로구 자하문로1길 49-9 (필운동),True,False
2603884,서울,연당,숙박 > 펜션/민박 > 한옥스테이,서울특별시 종로구 계동6길 3,True,False
3438545,서울,예맥당 한옥스테이,숙박 > 펜션/민박 > 한옥스테이,서울특별시 은평구 연서로50길 11 (진관동),True,False
3105217,서울,오늘스테이 동대문점,숙박 > 펜션/민박 > 한옥스테이,서울특별시 동대문구 왕산로26가길 14 (용두동),True,False
3072197,서울,"오롯이, 한옥",숙박 > 펜션/민박 > 한옥스테이,서울특별시 종로구 필운대로5가길 13-4 (누하동),True,False
3533158,서울,오리지날 백패커스,숙박 > 호스텔 > 게스트하우스,서울특별시 종로구 종로 313-3 (창신동),True,False
2572933,서울,오케이 게스트하우스,숙박 > 호스텔 > 게스트하우스,서울특별시 동작구 알마타길 21-18,True,False
3438137,서울,오크앤코,숙박 > 호스텔 > 게스트하우스,서울특별시 동대문구 전농로23길 37 (전농동),True,False
3438197,서울,온스테이,숙박 > 호스텔 > 게스트하우스,서울특별시 성북구 삼선교로8길 43-12 (삼선동1가),True,False
2651924,서울,와이즈하우스,숙박 > 호스텔 > 게스트하우스,서울특별시 마포구 월드컵북로6길 89-9,True,False
3533160,서울,와하녹,숙박 > 펜션/민박 > 한옥스테이,서울특별시 종로구 창경궁로26길 38-13 (명륜4가),True,False
3438233,서울,월운,숙박 > 펜션/민박 > 한옥스테이,서울특별시 종로구 율곡로10길 79-1 (권농동),True,False
3116447,서울,웰컴미스테익스,숙박 > 펜션/민박 > 한옥스테이,서울특별시 종로구 창의문로7길 27 (부암동),True,False
3438261,서울,이도한옥,숙박 > 펜션/민박 > 한옥스테이,서울특별시 종로구 계동길 70-3 (계동),True,False
2604153,서울,이화한옥,숙박 > 호텔 > 호텔,서울특별시 종로구 필운대로 26-25,True,False
2609911,서울,인 게스트하우스,숙박 > 호스텔 > 게스트하우스,서울특별시 마포구 성미산로1길 68,True,False
2602460,서울,자자백팩커스,숙박 > 호스텔 > 게스트하우스,서울특별시 중구 퇴계로20길 35,True,False
3438225,서울,자하,숙박 > 펜션/민박 > 한옥스테이,서울특별시 종로구 자하문로1나길 7-11 (체부동),True,False
3532637,서울,자하79,숙박 > 호스텔 > 게스트하우스,서울특별시 종로구 자하문로 79 (신교동),True,False
3438358,서울,정연재,숙박 > 펜션/민박 > 한옥스테이,서울특별시 종로구 삼청로7길 19-14 (팔판동),True,False
2587214,서울,제이한옥(JAY Hanok),숙박 > 펜션/민박 > 한옥스테이,서울특별시 종로구 계동4길 9,True,False
3533007,서울,종로 성혜헌,숙박 > 펜션/민박 > 한옥스테이,서울특별시 종로구 종로 358-7 (숭인동),True,False
3533144,서울,준하우스1,숙박 > 호스텔 > 게스트하우스,서울특별시 마포구 동교로 211-9 (동교동),True,False
3533145,서울,준하우스2,숙박 > 호스텔 > 게스트하우스,서울특별시 마포구 동교로 211-9 (동교동),True,False
3533146,서울,준하우스3,숙박 > 호스텔 > 게스트하우스,서울특별시 마포구 월드컵북로6길 84 (동교동),True,False
3438412,서울,중림재,숙박 > 펜션/민박 > 한옥스테이,서울특별시 중구 중림로9길 13 (중림동),True,False
3532697,서울,지구하임 홍대점,숙박 > 펜션/민박 > 홈스테이,서울특별시 마포구 동교로 224 (동교동),True,False
3533135,서울,진스테이,숙박 > 호스텔 > 게스트하우스,서울특별시 양천구 목동중앙북로22길 3-14 (목동),True,False
3533165,서울,청량안채,숙박 > 펜션/민박 > 한옥스테이,서울특별시 동대문구 서울시립대로4길 27-27 (전농동),True,False
3533008,서울,청택고택,숙박 > 펜션/민박 > 한옥스테이,서울특별시 성북구 동소문로18길 12-6 (동소문동5가),True,False
3533111,서울,코지스테이(Kozy Stay),숙박 > 호스텔 > 게스트하우스,서울특별시 중구 퇴계로87길 49-24 (황학동),True,False
3533163,서울,퀸하우스,숙박 > 호스텔 > 게스트하우스,서울특별시 마포구 동교로 153-5 (서교동),True,False
3438160,서울,통인 1939,숙박 > 펜션/민박 > 한옥스테이,서울특별시 종로구 자하문로 33-7 (통인동),True,False
3075293,서울,파티오세븐 호텔,숙박 > 호텔 > 호텔,서울특별시 강남구 논현로 736 (논현동),True,False
1046650,서울,프로비스타 호텔,숙박 > 콘도미니엄 > 콘도,서울특별시 서초구 서초대로 338,True,False
2603723,서울,플랜에이호스텔,숙박 > 호스텔 > 게스트하우스,서울특별시 중구 청구로 138,True,False
3533148,서울,하우스 오브 로터스,숙박 > 호스텔 > 게스트하우스,서울특별시 성동구 무학봉15길 27-15 (하왕십리동),True,False
3533149,서울,하우스 오브 카멜리아,숙박 > 호스텔 > 게스트하우스,서울특별시 광진구 용마산로2길 8-12 (중곡동),True,False
3438558,서울,하이드 인 바인 서촌,숙박 > 호스텔 > 게스트하우스,서울특별시 종로구 필운대로6길 17-15 (통인동),True,False
3102099,서울,하이얀,숙박 > 펜션/민박 > 펜션,서울특별시 종로구 지봉로13가길 30 (창신동),True,False
3438241,서울,한가로움,숙박 > 펜션/민박 > 한옥스테이,서울특별시 종로구 삼청로9길 13 (삼청동),True,False
2623573,서울,한미장,숙박 > 펜션/민박 > 한옥스테이,서울특별시 강북구 삼양로181길 168,True,False
2696383,서울,한옥 201(Hanok 201),숙박 > 펜션/민박 > 한옥스테이,서울특별시 종로구 북촌로 40-3,True,False
2699340,서울,한옥 게스트하우스 동촌재,숙박 > 펜션/민박 > 한옥스테이,서울특별시 종로구 자하문로11길 21-10,True,False
3438189,서울,한옥 북클럽 하우스,숙박 > 펜션/민박 > 한옥스테이,서울특별시 성북구 성북로8길 26-3 (성북동),True,False
3438422,서울,한옥 스테이 미경,숙박 > 펜션/민박 > 한옥스테이,서울특별시 성북구 삼선교로6길 19-21 (삼선동1가),True,False
3438470,서울,한옥 카키,숙박 > 펜션/민박 > 한옥스테이,서울특별시 은평구 진관길 5 (진관동),True,False
3438504,서울,한옥 포지티브스,숙박 > 펜션/민박 > 한옥스테이,서울특별시 은평구 연서로50길 7-16 (진관동),True,False
3438527,서울,한울타리,숙박 > 펜션/민박 > 한옥스테이,서울특별시 은평구 연서로50길 7-12 (진관동),True,False
3438295,서울,함한옥스테이,숙박 > 펜션/민박 > 한옥스테이,서울특별시 종로구 계동6길 4-1 (계동),True,False
3438368,서울,해아원,숙박 > 펜션/민박 > 한옥스테이,서울특별시 종로구 북촌로11길 35-16 (가회동),True,False
3438411,서울,행복스테이,숙박 > 호스텔 > 게스트하우스,"서울특별시 서초구 바우뫼로11길 71 (우면동, 행복한집)",True,False
2607481,서울,향운,숙박 > 펜션/민박 > 한옥스테이,서울특별시 종로구 북촌로12길 35-3,True,False
2612215,서울,헤이마 게스트하우스,숙박 > 호스텔 > 게스트하우스,서울특별시 마포구 와우산로29마길 15-7,True,False
2699653,서울,호스텔 하루,숙박 > 호스텔 > 게스트하우스,서울특별시 종로구 청계천로 61,True,False
3438188,서울,호우재,숙박 > 호스텔 > 게스트하우스,서울특별시 성북구 성북로19길 23 (성북동),True,False
3438433,서울,호우재 한옥,숙박 > 펜션/민박 > 한옥스테이,서울특별시 성북구 선잠로2길 18-8 (성북동),True,False
3056929,서울,호텔 안테룸 서울,숙박 > 호텔 > 호텔,서울특별시 강남구 도산대로 153 (신사동),True,False
3080209,서울,호텔더디자이너스 서울역점,숙박 > 호텔 > 호텔,서울특별시 용산구 한강대로 305 (갈월동),True,False
3465981,서울,호텔인나인 강남 (hotel in 9),숙박 > 호텔 > 호텔,서울특별시 강남구 영동대로 618 (삼성동),True,False
2699359,서울,홍대스타일 게스트하우스,숙박 > 호스텔 > 게스트하우스,서울특별시 마포구 월드컵북로4길 23-3,True,False
3533151,서울,홍스테이신당,숙박 > 호스텔 > 게스트하우스,서울특별시 중구 난계로13길 33 (황학동),True,False
2604211,서울,화이트테일,숙박 > 호스텔 > 게스트하우스,서울특별시 마포구 동교로38안길 8-1,True,False
2610960,서울,회랑정,숙박 > 호스텔 > 게스트하우스,서울특별시 강서구 공항대로53나길 6-9,True,False
2695730,서울,효자스테이,숙박 > 펜션/민박 > 한옥스테이,서울특별시 종로구 효자로7길 7-5,True,False
3533152,서울,힐제이,숙박 > 호스텔 > 게스트하우스,"서울특별시 종로구 창신길 159-1 (창신동, 동문아트빌라)",True,False
3465128,서울,힐튼 가든 인 서울 강남,숙박 > 호텔 > 호텔,서울특별시 서초구 강남대로 253 (서초동),True,False
138484,서천,솔마루펜션(서천),숙박 > 펜션/민박 > 펜션,충청남도 서천군 서면 춘장대길 79-8,True,False
2572764,서천,힐링펜션,숙박 > 펜션/민박 > 펜션,충청남도 서천군 서면 춘장대길 62,True,False
3339599,성남,더블트리 바이 힐튼 서울 판교,숙박 > 호텔 > 호텔,경기도 성남시 분당구 백현로 26 (정자동),True,False
3341885,성남,더블트리 바이 힐튼 서울 판교 레지던스,숙박 > 호텔 > 호텔,경기도 성남시 분당구 백현로 26 (정자동),True,False
2819450,성남,그래비티 조선 서울 판교,숙박 > 호텔 > 호텔,경기도 성남시 분당구 판교역로146번길 2 (백현동),True,False
2476860,성남,밀리토피아 호텔 바이마린 위례,숙박 > 호텔 > 호텔,경기도 성남시 수정구 위례대로 83,True,False
3075925,성남,카인드호텔,숙박 > 호텔 > 호텔,경기도 성남시 분당구 황새울로329번길 10 (서현동),True,False
990207,성남,호텔 에스알 스위츠,숙박 > 호텔 > 호텔,경기도 성남시 분당구 황새울로319번길 9 (서현동),True,False
3465982,성남,코트야드 바이 메리어트 서울 판교,숙박 > 호텔 > 호텔,경기도 성남시 분당구 판교역로192번길 12 (삼평동),True,False
136485,성주,가야호텔,숙박 > 호텔 > 호텔,경상북도 성주군 수륜면 가야산식물원길 52,True,False
2770436,세종,베스트웨스턴 플러스 호텔세종,숙박 > 호텔 > 호텔,세종특별자치시 도움1로 7 (어진동),True,False
4064963,세종,코트야드 바이 메리어트 세종,숙박 > 호텔 > 호텔,세종특별자치시 다솜3로 6 (어진동),True,False
2593643,세종,목향재,숙박 > 펜션/민박 > 한옥스테이,세종특별자치시 만남로6길 33,True,False
2708329,세종,학림재,숙박 > 펜션/민박 > 한옥스테이,세종특별자치시 장군면 태산길 75-3,True,False
2668426,세종,학림재,숙박 > 펜션/민박 > 한옥스테이,세종특별자치시 장군면 태산길 75-3,True,False
2662936,속초,롯데리조트 속초,문화관광 > 복합관광시설 > 리조트,강원특별자치도 속초시 대포항길 186,True,False
138361,속초,현대수리조트(현대수콘도),문화관광 > 복합관광시설 > 리조트,강원특별자치도 속초시 이목로 153,False,False
2907773,속초,호텔 더블루테라,숙박 > 호텔 > 호텔,강원특별자치도 속초시 동해대로 3920 (조양동),True,False
816272,속초,척산온천장,숙박 > 모텔 > 모텔,강원특별자치도 속초시 관광로 288,True,False
137309,속초,연호리조트,문화관광 > 복합관광시설 > 리조트,강원특별자치도 속초시 싸리재길 247-20,False,False
142811,속초,켄싱턴호텔 설악,숙박 > 호텔 > 호텔,강원특별자치도 속초시 설악산로 998 (설악동),True,False
1937080,속초,베니키아 호텔 산과 바다 대포항,숙박 > 호텔 > 호텔,강원특별자치도 속초시 동해대로 3691 (대포동),False,False
2708691,속초,척산온천휴양촌,숙박 > 호텔 > 호텔,강원특별자치도 속초시 관광로 327,True,False
2910942,속초,팜파스리조트,숙박 > 콘도미니엄 > 콘도,강원특별자치도 속초시 동해대로 3964 (조양동),True,False
228911,속초,설악파인리조트,문화관광 > 복합관광시설 > 리조트,강원특별자치도 속초시 관광로408번길 14,True,False
137321,속초,위너스모텔,숙박 > 모텔 > 모텔,강원특별자치도 속초시 먹거리2길 33,True,False
3089107,속초,호텔포레,숙박 > 호텔 > 호텔,강원특별자치도 속초시 동해대로 4158 (조양동),True,False
137328,속초,미라지모텔,숙박 > 모텔 > 모텔,강원특별자치도 속초시 동해대로 4164 (조양동),True,False
1135017,속초,호텔 아마란스,숙박 > 호텔 > 호텔,강원특별자치도 속초시 온천로 55,True,False
397656,속초,굿모닝 호텔,숙박 > 콘도미니엄 > 콘도,강원특별자치도 속초시 해오름로 204,True,False
137326,속초,대궐파크,숙박 > 모텔 > 모텔,강원특별자치도 속초시 부월1길 38,True,False
2042125,속초,더 레드 하우스,숙박 > 모텔 > 모텔,강원특별자치도 속초시 설악산로836번길 17,True,False
136077,속초,더케이설악산가족호텔,숙박 > 콘도미니엄 > 콘도,강원특별자치도 속초시 설악산로 470-7,True,False
2907277,속초,라마다 속초 호텔,숙박 > 호텔 > 호텔,강원특별자치도 속초시 대포항희망길 106 (대포동),True,False
2910876,속초,리센 오션파크 호텔,숙박 > 호텔 > 호텔,강원특별자치도 속초시 해오름로 167 (조양동),True,False
620219,속초,모아모텔,숙박 > 모텔 > 모텔,강원특별자치도 속초시 영금정로5길 1,True,False
2044012,속초,설악산파크리조트,숙박 > 모텔 > 모텔,강원특별자치도 속초시 청봉로6길 11,True,False
3451070,속초,속초 관광호텔 베리트,숙박 > 호텔 > 호텔,강원특별자치도 속초시 교동로1길 10 (교동),True,False
620411,속초,시나브로 모텔,숙박 > 모텔 > 모텔,강원특별자치도 속초시 엑스포로 13,True,False
620493,속초,조광모텔,숙박 > 모텔 > 모텔,강원특별자치도 속초시 청초호반로 301,True,False
620529,속초,청초비치 모텔,숙박 > 모텔 > 모텔,강원특별자치도 속초시 동해대로 4092,True,False
658845,속초,초원리조텔,숙박 > 펜션/민박 > 펜션,강원특별자치도 속초시 청봉로5길 19 (설악동),True,False
620771,속초,해맞이모텔,숙박 > 모텔 > 모텔,강원특별자치도 속초시 영금정로 34,True,False
620968,속초,해피하우스,숙박 > 모텔 > 모텔,강원특별자치도 속초시 중앙로 192,True,False
143136,속초,호텔 마레몬스,숙박 > 호텔 > 호텔,강원특별자치도 속초시 동해대로 3705 (대포동),True,False
136634,속초,금호설악리조트,문화관광 > 복합관광시설 > 리조트,강원특별자치도 속초시 사당골길 43 (노학동),True,False
2676467,속초,속초비치호스텔,숙박 > 호스텔 > 게스트하우스,강원특별자치도 속초시 해오름로 129,True,False
2659363,속초,스머프하우스(스머프하우스 관광 펜션),숙박 > 펜션/민박 > 펜션,강원특별자치도 속초시 하도문2길 7,True,False
3438564,속초,주황집,숙박 > 호스텔 > 게스트하우스,강원특별자치도 속초시 장재터마을3길 25 (설악동),True,False
2697923,속초,화이트스테이션 호스텔,숙박 > 호스텔 > 게스트하우스,강원특별자치도 속초시 미리내길 17-1,True,False
971242,수원,라마다프라자 수원호텔,숙박 > 호텔 > 호텔,경기도 수원시 팔달구 중부대로 150 (인계동),True,False
986600,수원,이비스 앰배서더 수원,숙박 > 호텔 > 호텔,경기도 수원시 팔달구 권광로 132,True,False
2927029,수원,해든호텔 하이엔드,숙박 > 호텔 > 호텔,경기도 수원시 팔달구 효원로 299 (인계동),True,False
2918709,수원,도노 1796 호텔,숙박 > 호텔 > 호텔,경기도 수원시 팔달구 신풍로 68 (장안동),True,False
2846932,수원,Dune45호텔,숙박 > 모텔 > 모텔,경기도 수원시 팔달구 권광로175번길 31-4 (인계동),True,False
2849741,수원,S STAY HOTEL,숙박 > 호텔 > 호텔,경기도 수원시 팔달구 갓매산로71번길 21-6 (매산로2가),True,False
2849981,수원,넘버25 수원화성행궁점,숙박 > 모텔 > 모텔,경기도 수원시 팔달구 정조로810번길 20 (남수동),True,False
3511808,수원,노보텔 앰배서더 수원,숙박 > 호텔 > 호텔,경기도 수원시 팔달구 덕영대로 902 (매산로1가),True,False
3483793,수원,더휴식 아늑호텔 수원 인계점,숙박 > 모텔 > 모텔,경기도 수원시 팔달구 인계로94번길 29 (인계동),True,False
2445211,수원,르본수원실크로드호텔,숙박 > 호텔 > 호텔,경기도 수원시 팔달구 경수대로466번길 28 (인계동),True,False
1770188,수원,모텔나무,숙박 > 모텔 > 모텔,경기도 수원시 장안구 창훈로80번길 18 (연무동),True,False
143140,수원,수원 코리아 호텔,숙박 > 호텔 > 호텔,경기도 수원시 팔달구 권광로175번길 62 (인계동),True,False
2849901,수원,아모르앤심포니호텔,숙박 > 호텔 > 호텔,경기도 수원시 영통구 반달로128번길 9 (영통동),True,False
2849935,수원,아이비 스테이,숙박 > 호텔 > 호텔,경기도 수원시 팔달구 갓매산로76번길 9 (고등동),True,False
2848421,수원,오르세호텔,숙박 > 호텔 > 호텔,경기도 수원시 팔달구 인계로124번길 27-7 (인계동),True,False
2752981,수원,코트야드 바이 메리어트 수원,숙박 > 호텔 > 호텔,경기도 수원시 영통구 광교호수공원로 320 (하동),True,False
3083959,수원,탑클라우드호텔 수원점,숙박 > 호텔 > 호텔,경기도 수원시 장안구 수성로350번길 13 (영화동),True,False
2849962,수원,해시호텔,숙박 > 호텔 > 호텔,경기도 수원시 팔달구 갓매산로 72-1 (고등동),True,False
2847042,수원,호텔 세인트,숙박 > 호텔 > 호텔,경기도 수원시 권선구 구운로85번길 28 (구운동),True,False
2848435,수원,호텔 아르떼,숙박 > 호텔 > 호텔,경기도 수원시 팔달구 인계로108번길 37 (인계동),True,False
2848429,수원,호텔더스타일,숙박 > 호텔 > 호텔,경기도 수원시 팔달구 인계로124번길 41-5 (인계동),True,False
2846969,수원,호텔아마레,숙박 > 호텔 > 호텔,경기도 수원시 권선구 서부로1934번길 26 (구운동),True,False
3105334,수원,133파티룸 한옥스테이점,숙박 > 펜션/민박 > 한옥스테이,경기도 수원시 팔달구 정조로795번길 10 (팔달로2가),True,False
3438561,수원,스테이용궁,숙박 > 펜션/민박 > 한옥스테이,경기도 수원시 팔달구 수원천로316번길 24 (남수동),True,False
3533132,수원,시월재,숙박 > 펜션/민박 > 한옥스테이,경기도 수원시 장안구 수원천로414번길 7-11 (연무동),True,False
3102131,수원,여여재,숙박 > 펜션/민박 > 한옥스테이,경기도 수원시 팔달구 화서문로16번길 43 (신풍동),True,False
2918752,수원,호텔 166,숙박 > 호텔 > 호텔,경기도 수원시 팔달구 인계로166번길 24 (인계동),True,False
3076322,순천,호텔라움,숙박 > 모텔 > 모텔,전남광주통합특별시 순천시 하풍동길 1-1 (풍덕동),True,False
3066796,순천,호텔지뜨,숙박 > 모텔 > 모텔,전남광주통합특별시 순천시 팔마2길 11 (연향동),True,False
2572792,순천,매죽헌(매죽헌 한옥 민박),숙박 > 펜션/민박 > 한옥스테이,전남광주통합특별시 순천시 월등면 외동길 52,True,False
2603996,순천,매죽헌2(매죽헌한옥민박),숙박 > 펜션/민박 > 한옥스테이,전남광주통합특별시 순천시 월등면 외동길 56,True,False
2574307,순천,목양산방,숙박 > 펜션/민박 > 한옥스테이,전남광주통합특별시 순천시 대대1길 24,True,False
1872349,순천,순천만 해룡성고택,숙박 > 펜션/민박 > 한옥스테이,전남광주통합특별시 순천시 홍두길 136 (홍내동),True,False
2050523,순천,순천만민속한옥펜션,숙박 > 펜션/민박 > 펜션,전남광주통합특별시 순천시 대대2길 33 (대대동),True,False
2814147,순천,순천만숲,숙박 > 펜션/민박 > 한옥스테이,전남광주통합특별시 순천시 순천만길 374-1  ,True,False
2650825,순천,일몰이아름다운한옥,숙박 > 펜션/민박 > 한옥스테이,전남광주통합특별시 순천시 와온1길 45  ,True,False
2553181,순천,호텔여기어때 순천국가정원점,숙박 > 모텔 > 모텔,전남광주통합특별시 순천시 팔마2길 25,True,False
3101971,순천,나모:온,숙박 > 펜션/민박 > 한옥스테이,전남광주통합특별시 순천시 호남길 140 (저전동),True,False
1344503,순천,낙안큰샘민박,숙박 > 펜션/민박 > 농어촌민박,전남광주통합특별시 순천시 낙안면 읍성안길 145,True,False
2604371,순천,노을한옥,숙박 > 펜션/민박 > 한옥스테이,전남광주통합특별시 순천시 해룡면 와온2길 7,True,False
2932973,순천,다올재,숙박 > 펜션/민박 > 한옥스테이,전남광주통합특별시 순천시 금곡길 60  ,True,False
2622700,순천,더스카이 풀빌라,숙박 > 펜션/민박 > 펜션,전남광주통합특별시 순천시 순천만길 686-12 (대대동),True,False
3102104,순천,도담헌,숙박 > 펜션/민박 > 한옥스테이,전남광주통합특별시 순천시 상인제길 35 (인제동),True,False
2697656,순천,뜰애펜션,숙박 > 호스텔 > 게스트하우스,전남광주통합특별시 순천시 순천만길 574-1,True,False
2621797,순천,리버파크(순천리버파크관광호스텔),숙박 > 호스텔 > 게스트하우스,전남광주통합특별시 순천시 주암면 주암호길 27,True,False
3438587,순천,빌라오,숙박 > 펜션/민박 > 한옥스테이,전남광주통합특별시 순천시 옥천길 106 (옥천동),True,False
3532875,순천,세하,숙박 > 호스텔 > 게스트하우스,전남광주통합특별시 순천시 하풍동길 60 (풍덕동),True,False
2697776,순천,순천만쉼표펜션,숙박 > 호스텔 > 게스트하우스,전남광주통합특별시 순천시 순천만길 726-15,True,False
137510,순천,순천시 유스호스텔,숙박 > 호스텔 > 유스호스텔,전남광주통합특별시 순천시 서면 청소년수련원길 167,True,False
2021025,순천,엠버서더관광호텔,숙박 > 모텔 > 모텔,전남광주통합특별시 순천시 상사호길 130,True,False
3102111,순천,옥천풍경,숙박 > 펜션/민박 > 한옥스테이,전남광주통합특별시 순천시 호남1길 10 (옥천동),True,False
3438588,순천,유유가,숙박 > 펜션/민박 > 한옥스테이,전남광주통합특별시 순천시 행금길 10-6 (행동),True,False
2628774,순천,해오름 민박,숙박 > 펜션/민박 > 농어촌민박,전남광주통합특별시 순천시 낙안면 조정래길 786-4,True,False
3533170,순천,행복한하루,숙박 > 펜션/민박 > 펜션,전남광주통합특별시 순천시 대대2길 46-9 (대대동),True,False
3438586,순천,휴휴가,숙박 > 펜션/민박 > 한옥스테이,전남광주통합특별시 순천시 금곡길 58 (금곡동),True,False
3585783,시흥,웨이브엠호텔 웨스트,숙박 > 호텔 > 호텔,경기도 시흥시 거북섬로 112 (정왕동),True,False
3571309,시흥,웨이브엠호텔 이스트,숙박 > 콘도미니엄 > 레지던스,경기도 시흥시 거북섬로 130 (정왕동),True,False
3507028,시흥,호텔 시엘로,숙박 > 호텔 > 호텔,경기도 시흥시 거북섬둘레길 5-7 (정왕동),True,False
2848322,시흥,리브라이프 호텔,숙박 > 호텔 > 호텔,경기도 시흥시 중심상가1길 25 (정왕동),True,False
2792956,시흥,호텔리브레,숙박 > 호텔 > 호텔,경기도 시흥시 서촌상가3길 7-3 (정왕동),True,False
3483480,시흥,더휴식 아늑호텔 월곶점,숙박 > 모텔 > 모텔,경기도 시흥시 월곶중앙로70번안길 18 (월곶동),True,False
1745972,시흥,호텔나비야,숙박 > 모텔 > 모텔,경기도 시흥시 월곶중앙로58번길 27,True,False
2861201,시흥,서울투어리스트호텔,숙박 > 호텔 > 호텔,경기도 시흥시 군자천로 315 (정왕동),True,False
2861305,시흥,웨스트레이븐호텔,숙박 > 호텔 > 호텔,경기도 시흥시 옥터로 3 (정왕동),True,False
3403857,신안,라마다프라자호텔&씨원리조트 자은도,숙박 > 호텔 > 호텔,전남광주통합특별시 신안군 자은면 자은서부1길 163-101,False,False
2399540,신안,엘도라도리조트,숙박 > 모텔 > 모텔,전남광주통합특별시 신안군 증도면 지도증도로 1766-15,True,False
143083,아산,온양제일호텔,숙박 > 호텔 > 호텔,충청남도 아산시 온천대로 1462,True,False
1926439,아산,호텔스파텔,숙박 > 모텔 > 모텔,충청남도 아산시 음봉면 아산온천로243번길 27,True,False
3546493,아산,골목안채,숙박 > 펜션/민박 > 농어촌민박,충청남도 아산시 도고면 아산만로180번길 6-4,True,False
2769724,아산,더위트 도고,숙박 > 콘도미니엄 > 콘도,충청남도 아산시 도고면 기곡로62번길 6-8,True,False
136118,아산,도고 글로리콘도,숙박 > 콘도미니엄 > 콘도,충청남도 아산시 도고면 도고온천로 124-23,True,False
3546470,아산,신언리101,숙박 > 펜션/민박 > 농어촌민박,충청남도 아산시 도고면 아산만로198번길 15-4,True,False
2517013,아산,아산 웨스턴모텔,숙박 > 모텔 > 모텔,충청남도 아산시 음봉면 아산온천로243번길 96,True,False
2528114,아산,파라다이스호텔,숙박 > 모텔 > 모텔,충청남도 아산시 음봉면 아산온천로157번길 7-7,True,False
3532712,아산,스테이화요일,숙박 > 펜션/민박 > 한옥스테이,충청남도 아산시 인주면 인주로 376-100,True,False
137416,아산,청주온천호텔,숙박 > 모텔 > 모텔,충청남도 아산시 충무로8번길 6,True,False
2697287,아산,하서원(외암민속마을),숙박 > 펜션/민박 > 한옥스테이,충청남도 아산시 송악면 외암민속길9번길 13-6,True,False
2598834,안동,안동 군자마을,숙박 > 펜션/민박 > 한옥스테이,경상북도 안동시 와룡면 군자리길 21,True,False
3089840,안동,리첼호텔,숙박 > 호텔 > 호텔,경상북도 안동시 관광단지로 346-69 (성곡동),True,False
3044522,안동,고려호텔,숙박 > 모텔 > 모텔,경상북도 안동시 영가로 13 (동부동),True,False
2595862,안동,온계종택 삼백당,숙박 > 펜션/민박 > 한옥스테이,경상북도 안동시 도산면 온혜중마길 20,True,False
2598978,안동,온계종택(삼백당),숙박 > 펜션/민박 > 한옥스테이,경상북도 안동시 도산면 온혜중마길 20,True,False
3438629,안동,아늑,숙박 > 펜션/민박 > 한옥스테이,경상북도 안동시 마들1길 19-18 (용상동),True,False
1865597,안동,가람초연재,숙박 > 펜션/민박 > 한옥스테이,경상북도 안동시 풍천면 하회종가길 76-6,True,False
4012448,안동,검무한옥 호운당,숙박 > 펜션/민박 > 한옥스테이,경상북도 안동시 풍천면 한옥마을2길 15,True,False
4012463,안동,검무한옥 휴복당,숙박 > 펜션/민박 > 한옥스테이,경상북도 안동시 풍천면 한옥마을2길 17,True,False
2569003,안동,게스트하우스 play at home(플레이앳홈),숙박 > 호스텔 > 게스트하우스,경상북도 안동시 금곡길 21-8,True,False
2597551,안동,고성이씨 탑동종택,숙박 > 펜션/민박 > 한옥스테이,경상북도 안동시 임청각길 103,True,False
1877477,안동,노송정종택(퇴계생가),숙박 > 펜션/민박 > 한옥스테이,경상북도 안동시 도산면 온혜중마길 46-5,True,False
3579868,안동,락고재 하회한옥호텔 기와본관,숙박 > 호텔 > 호텔,경상북도 안동시 풍천면 전서로 186-20,True,False
1871262,안동,락고재 하회한옥호텔 초가별관,숙박 > 펜션/민박 > 한옥스테이,경상북도 안동시 풍천면 하회강변길 51,True,False
2706613,안동,송계헌,숙박 > 펜션/민박 > 한옥스테이,경상북도 안동시 풍천면 병산길 332,True,False
2569165,안동,수곡고택,숙박 > 펜션/민박 > 한옥스테이,경상북도 안동시 풍천면 가일길 78,True,False
1883135,안동,안동고택 이상루,숙박 > 펜션/민박 > 한옥스테이,경상북도 안동시 서후면 풍산태사로 3193-6,True,False
1877312,안동,양소당,숙박 > 펜션/민박 > 한옥스테이,경상북도 안동시 풍산읍 장태골길 28,True,False
2706485,안동,오류헌,숙박 > 펜션/민박 > 한옥스테이,경상북도 안동시 임하면 기르마제길 18-15,True,False
1883590,안동,옥연정사,숙박 > 펜션/민박 > 한옥스테이,경상북도 안동시 풍천면 광덕솔밭길 86,True,False
2544095,안동,전통리조트 구름에,숙박 > 펜션/민박 > 한옥스테이,경상북도 안동시 민속촌길 190 (성곡동),True,False
2569581,안동,춘하원(죽헌고택),숙박 > 펜션/민박 > 한옥스테이,경상북도 안동시 서후면 태장죽헌길 24,True,False
2000946,안동,치암고택,숙박 > 펜션/민박 > 한옥스테이,경상북도 안동시 퇴계로 297-10,True,False
2708675,안동,케이스호텔((주)안동케이스),숙박 > 호텔 > 호텔,경상북도 안동시 강남2길 60-16,True,False
2620380,안동,풍송재,숙박 > 펜션/민박 > 한옥스테이,경상북도 안동시 한옥마을1길 53-4,True,False
2000648,안동,하회 북촌댁,숙박 > 펜션/민박 > 한옥스테이,경상북도 안동시 풍천면 하회북촌길 7,True,False
2595672,안동,하회 양진당,숙박 > 펜션/민박 > 한옥스테이,경상북도 안동시 풍천면 하회종가길 68,True,False
1998565,안동,학봉종택,숙박 > 펜션/민박 > 한옥스테이,경상북도 안동시 서후면 풍산태사로 2830-6,True,False
2604741,안동,황토게스트하우스,숙박 > 호스텔 > 게스트하우스,경상북도 안동시 태사길 125-5,True,False
2569824,안동,흥해배씨 임연재종택,숙박 > 펜션/민박 > 한옥스테이,경상북도 안동시 향교1길 51,True,False
2599344,안동,(재)행복전통마을(박산정)(전통 리조트 구름에-박산정),숙박 > 호텔 > 호텔,경상북도 안동시 민속촌길 190 안동민속촌한자마을,True,False
2932873,안동,계와고택,숙박 > 펜션/민박 > 한옥스테이,경상북도 안동시 금소중앙길 56-1,True,False
2695737,안동,다온민박,숙박 > 펜션/민박 > 농어촌민박,경상북도 안동시 풍천면 하회남촌길 53-20,True,False
2696352,안동,더스터닝,숙박 > 호스텔 > 게스트하우스,경상북도 안동시 예일길 22-10,True,False
2598597,안동,덕여재,숙박 > 펜션/민박 > 한옥스테이,경상북도 안동시 풍천면 하회남촌길 56,True,False
2599272,안동,모지고택,숙박 > 펜션/민박 > 한옥스테이,경상북도 안동시 풍천면 하회남촌길 33,True,False
2598297,안동,목재고택,숙박 > 펜션/민박 > 한옥스테이,경상북도 안동시 도산면 백운로 533-20,True,False
3438684,안동,물길스테이,숙박 > 펜션/민박 > 한옥스테이,경상북도 안동시 임하면 금소2길 13,True,False
3469419,안동,미지한옥,숙박 > 펜션/민박 > 한옥스테이,경상북도 안동시 북문옥정길 67-8 (옥정동),True,False
2598628,안동,별아래한옥,숙박 > 펜션/민박 > 한옥스테이,경상북도 안동시 임하면 인덕길 86,True,False
3102084,안동,산온 리트릿,숙박 > 펜션/민박 > 한옥스테이,경상북도 안동시 풍산읍 우렁길 90-8,True,False
3438630,안동,서우재,숙박 > 펜션/민박 > 한옥스테이,경상북도 안동시 어가골아랫1길 31-4 (태화동),True,False
2599504,안동,수졸당,숙박 > 펜션/민박 > 한옥스테이,경상북도 안동시 도산면 하계길 1-9,True,False
3438622,안동,스테이 나스러움,숙박 > 펜션/민박 > 한옥스테이,경상북도 안동시 태화길 20-1 (태화동),True,False
3101947,안동,안동 모닝 도시민박,숙박 > 호스텔 > 게스트하우스,경상북도 안동시 강남8길 7-9 (정하동),True,False
2000725,안동,안동 수애당,숙박 > 펜션/민박 > 한옥스테이,경상북도 안동시 임동면 수곡용계로 1714-11,True,False
3469943,안동,안동별장,숙박 > 펜션/민박 > 한옥스테이,경상북도 안동시 서동문로 46-6 (태화동),True,False
3533131,안동,안동한옥스테이휴,숙박 > 펜션/민박 > 한옥스테이,경상북도 안동시 태화8길 9-1 (태화동),True,False
3438599,안동,이사빛1968 한옥스테이,숙박 > 펜션/민박 > 한옥스테이,경상북도 안동시 동흥4길 17-6 (법흥동),True,False
1883070,안동,정재종택,숙박 > 펜션/민박 > 한옥스테이,경상북도 안동시 임동면 경동로 2661-8,True,False
2598650,안동,주촌종택(주촌(두루)종택),숙박 > 펜션/민박 > 한옥스테이,경상북도 안동시 와룡면 태리금산로 242-5,True,False
3469953,안동,하녹집,숙박 > 펜션/민박 > 한옥스테이,경상북도 안동시 동흥4길 7-5 (법흥동),True,False
3438616,안동,한낮,숙박 > 펜션/민박 > 한옥스테이,경상북도 안동시 중평2길 5-5 (용상동),True,False
3438653,안동,호호재,숙박 > 펜션/민박 > 한옥스테이,경상북도 안동시 태화8길 27-2 (태화동),True,False
3438621,안동,희게,숙박 > 펜션/민박 > 한옥스테이,경상북도 안동시 임동면 무실길 5,True,False
2792906,안산,엠블던호텔,숙박 > 호텔 > 호텔,경기도 안산시 단원구 중앙대로 869 (고잔동),True,False
2542745,안산,호텔스퀘어,숙박 > 호텔 > 호텔,경기도 안산시 단원구 동산로 81 (원시동),True,False
2860795,안산,호텔클로버,숙박 > 호텔 > 호텔,경기도 안산시 상록구 양지편로 22 (이동),True,False
2530438,안산,대부도 펜션시티,숙박 > 펜션/민박 > 펜션,경기도 안산시 단원구 공마루길 68,True,False
3071630,안산,3S 호텔,숙박 > 호텔 > 호텔,경기도 안산시 상록구 서암로2길 11 (사동),True,False
4114563,안산,갯벌이야기,숙박 > 펜션/민박 > 펜션,경기도 안산시 단원구 선창길 106 (대부북동),True,False
2861312,안산,대부도관광호텔마리나,숙박 > 호텔 > 호텔,경기도 안산시 단원구 사근여길 5 (대부북동),True,False
3563933,안산,대부도펜션타운,숙박 > 펜션/민박 > 펜션,경기도 안산시 단원구 참살이2길 12 (선감동),True,False
3483847,안산,더휴식 아늑 워커스 안산점,숙박 > 모텔 > 모텔,경기도 안산시 상록구 성호로1길 12-4 (일동),True,False
3417153,안산,데이지풀빌라,숙박 > 펜션/민박 > 농어촌민박,경기도 안산시 단원구 참살이4길 30 (선감동),True,False
2861318,안산,아우라 호텔,숙박 > 호텔 > 호텔,경기도 안산시 상록구 양지편로 10 (이동),True,False
2866334,안산,여기바다,숙박 > 펜션/민박 > 펜션,경기도 안산시 단원구 긴장불길 84-10 (대부남동),True,False
397931,안산,화이트아일랜드,숙박 > 펜션/민박 > 펜션,경기도 안산시 단원구 연목이길 96 (대부북동),True,False
2860744,안산,호텔727,숙박 > 모텔 > 모텔,경기도 안산시 단원구 광덕2로 58-14 (초지동),True,False
2859496,안성,호텔 에이치,숙박 > 호텔 > 호텔,경기도 안성시 죽산면 죽주로 268-2,True,False
3079674,안양,어반부띠크호텔,숙박 > 호텔 > 호텔,경기도 안양시 동안구 흥안대로 497 (관양동),True,False
143118,양구,베니키아 KCP호텔,숙박 > 호텔 > 호텔,강원특별자치도 양구군 양구읍 파로호로 993-19,True,False
1855164,양구,양구 테마모텔,숙박 > 모텔 > 모텔,강원특별자치도 양구군 양구읍 사명길 84-10,True,False
138225,양구,산골나그네 펜션,숙박 > 펜션/민박 > 펜션,강원특별자치도 양구군 방산면 남밭길150번길 69,True,False
2699657,양구,LACKY HOSTEL(락희 호스텔),숙박 > 호스텔 > 게스트하우스,강원특별자치도 양구군 양구읍 비봉로 99-3,True,False
581026,양산,에덴밸리리조트,문화관광 > 복합관광시설 > 리조트,경상남도 양산시 원동면 어실로 1206,True,False
3083319,양산,베니키아양산호텔,숙박 > 호텔 > 호텔,경상남도 양산시 동면 금오10길 51,True,False
139905,양산,다인빌펜션,숙박 > 펜션/민박 > 펜션,경상남도 양산시 원동면 청수골길 14,True,False
3114823,양산,동글동글키즈풀빌라,숙박 > 펜션/민박 > 펜션,경상남도 양산시 원동면 원동로 682,True,False
388123,양산,배내골산골이야기,숙박 > 펜션/민박 > 펜션,경상남도 양산시 원동면 고점길 4-6,True,False
139908,양산,엘리시아,숙박 > 펜션/민박 > 펜션,경상남도 양산시 원동면 청수골길 39,True,False
2538754,양산,호텔여기어때 양산점,숙박 > 모텔 > 모텔,경상남도 양산시 북안남2길 6-9,True,False
138789,양산,더밸리펜션(아트인더밸리),숙박 > 펜션/민박 > 펜션,경상남도 양산시 원동면 장선2길 53,True,False
387673,양산,배내의아침,숙박 > 펜션/민박 > 펜션,경상남도 양산시 원동면 어실로 1425,True,False
590440,양양,쏠비치 양양,숙박 > 호텔 > 호텔,강원특별자치도 양양군 손양면 선사유적로 678,True,False
3469367,양양,더앤리조트,숙박 > 모텔 > 모텔,강원특별자치도 양양군 현남면 개매길 260,True,False
2710726,양양,디그니티호텔,숙박 > 호텔 > 호텔,강원특별자치도 양양군 양양읍 일출로 159-5,True,False
2710638,양양,설해원,문화관광 > 복합관광시설 > 리조트,강원특별자치도 양양군 손양면 공항로 230,True,False
136084,양양,오색그린야드호텔,숙박 > 호텔 > 호텔,강원특별자치도 양양군 서면 대청봉길 34,True,False
2706692,양양,이엘호텔,숙박 > 호텔 > 호텔,강원특별자치도 양양군 강현면 동해대로 3347,True,False
2907507,양양,양양비치콘도,숙박 > 콘도미니엄 > 콘도,강원특별자치도 양양군 양양읍 일출로 159-6,True,False
139820,양양,알프스비치,숙박 > 모텔 > 모텔,강원특별자치도 양양군 현북면 하조대해안길 11,True,False
138900,양양,보노펜션,숙박 > 펜션/민박 > 펜션,강원특별자치도 양양군 손양면 선사유적로 240-29,True,False
2903760,양양,38마린리조트,숙박 > 펜션/민박 > 펜션,강원특별자치도 양양군 현북면 동해대로 1280,True,False
3082568,양양,더낙산호텔,숙박 > 호텔 > 호텔,강원특별자치도 양양군 강현면 해맞이길 18,True,False
2488920,양양,메종드메르,숙박 > 모텔 > 모텔,강원특별자치도 양양군 현남면 동해대로 694,True,False
3089133,양양,브리드호텔 양양,숙박 > 콘도미니엄 > 콘도,강원특별자치도 양양군 현남면 인구항길 17,True,False
621231,양양,송이모텔,숙박 > 모텔 > 모텔,강원특별자치도 양양군 강현면 일출로 34,True,False
2710709,양양,양양국제공항호텔,숙박 > 호텔 > 호텔,강원특별자치도 양양군 손양면 동해대로 2338,True,False
138267,양양,연어의 고향 펜션,숙박 > 펜션/민박 > 펜션,강원특별자치도 양양군 양양읍 동해신묘길 8-3,True,False
138340,양양,초록바다펜션,숙박 > 펜션/민박 > 펜션,강원특별자치도 양양군 강현면 장산3길 56-4,True,False
3080469,양양,코게러지 호텔,숙박 > 펜션/민박 > 펜션,강원특별자치도 양양군 현북면 동해대로 1269-7,True,False
2907668,양양,투와이호텔,숙박 > 호텔 > 호텔,강원특별자치도 양양군 강현면 동해대로 3277-3,True,False
2499273,양양,하조대 비치하우스,숙박 > 펜션/민박 > 펜션,강원특별자치도 양양군 현북면 하륜길 26,True,False
397687,양양,환상의성,숙박 > 펜션/민박 > 펜션,강원특별자치도 양양군 현북면 어성전길 384,True,False
3438565,양양,3.42 스테이,숙박 > 호스텔 > 게스트하우스,강원특별자치도 양양군 현남면 동해대로 849-22,True,False
3533003,양양,글림풀빌라,숙박 > 호스텔 > 게스트하우스,강원특별자치도 양양군 현남면 동산큰길 11,True,False
139818,양양,바닷가모텔,숙박 > 모텔 > 모텔,강원특별자치도 양양군 강현면 해맞이길 8-17,True,False
979536,양양,복골온천펜션,숙박 > 펜션/민박 > 펜션,강원특별자치도 양양군 강현면 복골길201번길 58,True,False
3532987,양양,이당,숙박 > 호스텔 > 게스트하우스,강원특별자치도 양양군 양양읍 관덕정길 20,True,False
3533009,양양,인스턴트호텔,숙박 > 호스텔 > 게스트하우스,강원특별자치도 양양군 현남면 동산큰길 80,True,False
3018583,양주,그린랜드,숙박 > 펜션/민박 > 펜션,경기도 양주시 장흥면 유원지로 279,True,False
3091350,양주,케이플러스호텔,숙박 > 호텔 > 호텔,경기도 양주시 고원2길 22 (고암동),True,False
136060,양평,소노벨 양평,문화관광 > 복합관광시설 > 리조트,경기도 양평군 개군면 신내길7번길 55,True,False
2853502,양평,소르호텔,숙박 > 호텔 > 호텔,경기도 양평군 강하면 강남로 375,True,False
3346822,양평,댕댕별숲,숙박 > 펜션/민박 > 펜션,경기도 양평군 용문면 중원산로 234,True,False
2662318,양평,더 힐하우스 양평,문화관광 > 복합관광시설 > 리조트,경기도 양평군 강하면 강남로 489,True,False
2814153,양평,레몬그라스,숙박 > 펜션/민박 > 펜션,경기도 양평군 명성길 230,True,False
943362,양평,로그캠프펜션,숙박 > 펜션/민박 > 펜션,경기도 양평군 용문면 연수로 293,True,False
3579376,양평,몬스마리,숙박 > 펜션/민박 > 펜션,경기도 양평군 서종면 낙촌길 5,True,False
700278,양평,물소리새소리,숙박 > 펜션/민박 > 펜션,경기도 양평군 서종면 무드리2길 57-1,True,False
700255,양평,물소리펜션,숙박 > 펜션/민박 > 펜션,경기도 양평군 옥천면 용천로 1038,True,False
2503316,양평,수다락펜션,숙박 > 펜션/민박 > 펜션,경기도 양평군 단월면 윗고북길 59,True,False
679125,양평,아바타펜션,숙박 > 펜션/민박 > 펜션,경기도 양평군 서종면 길곡2길 52-27,True,False
945085,양평,에델바이스,숙박 > 펜션/민박 > 펜션,경기도 양평군 용문면 용문산로192번길 10-9,True,False
697068,양평,자연향기펜션,숙박 > 펜션/민박 > 펜션,경기도 양평군 서종면 바치울길 151-12,True,False
4075516,양평,타임스테이,숙박 > 펜션/민박 > 펜션,경기도 양평군 서종면 두터골길 25-5,True,False
990201,양평,토브의 강가,숙박 > 펜션/민박 > 펜션,경기도 양평군 용문면 용문삼성로20번길 73-10,True,False
397692,양평,펜션뷰,숙박 > 펜션/민박 > 펜션,경기도 양평군 용문면 용문산로192번길 10-8,True,False
397867,양평,햇살좋은날,숙박 > 펜션/민박 > 펜션,경기도 양평군 강상면 강남로 1544,True,False
903353,양평,호수펜션산장,숙박 > 펜션/민박 > 펜션,경기도 양평군 지평면 어영골길 29,True,False
3533129,양평,감성보다 양평서종점,숙박 > 펜션/민박 > 한옥스테이,경기도 양평군 서종면 당산공원길 21-52,True,False
3532734,양평,메리도그하우스,숙박 > 펜션/민박 > 펜션,경기도 양평군 청운면 가현길 440-1,True,False
137992,양평,벨뷰펜션,숙박 > 펜션/민박 > 펜션,경기도 양평군 용문면 학골길 21,True,False
3075501,양평,블룸비스타호텔앤컨퍼런스,숙박 > 호텔 > 호텔,경기도 양평군 강하면 강남로 316,True,False
3532772,양평,산온잔등,숙박 > 펜션/민박 > 펜션,경기도 양평군 강하면 동문3길 22-13,True,False
3533005,양평,슬로우인풀빌라,숙박 > 펜션/민박 > 펜션,경기도 양평군 단월면 섬이길 329-11,True,False
3532756,양평,어싱사계,숙박 > 펜션/민박 > 펜션,경기도 양평군 개군면 공서울길88번길 63-5,True,False
3532732,양평,온유랑,숙박 > 펜션/민박 > 펜션,경기도 양평군 청운면 몰운고갯길 306-11,True,False
397881,양평,우리벨리펜션,숙박 > 펜션/민박 > 펜션,경기도 양평군 단월면 상가마길1번길 16,True,False
3438041,양평,유선재,숙박 > 펜션/민박 > 한옥스테이,경기도 양평군 양동면 장만대길 89-11,True,False
3438560,양평,잔원유림 풀빌라,숙박 > 펜션/민박 > 펜션,경기도 양평군 단월면 섬이길 216,True,False
2802031,양평,책속에풍덩,숙박 > 펜션/민박 > 펜션,경기도 양평군 용문면 중원산로 518-9,True,False
3102087,양평,한옥더원,숙박 > 펜션/민박 > 한옥스테이,경기도 양평군 양평읍 충신로 333-6,True,False
3532665,양평,"헤윰, 소",숙박 > 펜션/민박 > 펜션,경기도 양평군 단월면 양동로 313,True,False
2918674,양평,휴빌리지,숙박 > 호텔 > 호텔,경기도 양평군 양동면 양동로 756,True,False
2823571,여수,여수 유탑 마리나 호텔&리조트,숙박 > 콘도미니엄 > 레지던스,전남광주통합특별시 여수시 오동도로 61-15,True,False
970481,여수,디오션리조트,문화관광 > 복합관광시설 > 리조트,전남광주통합특별시 여수시 소호로 295,True,False
1815097,여수,베니키아호텔 여수,숙박 > 호텔 > 호텔,전남광주통합특별시 여수시 시청서6길 19,True,False
2700983,여수,여수 베네치아 호텔앤리조트,숙박 > 호텔 > 호텔,전남광주통합특별시 여수시 오동도로 61-13,True,False
2706514,여수,여수한옥체험관,숙박 > 펜션/민박 > 한옥스테이,전남광주통합특별시 여수시 소라면 상관길 47,True,False
2708659,여수,라마다프라자 바이윈덤 여수,숙박 > 호텔 > 호텔,전남광주통합특별시 여수시 돌산읍 강남로 11,True,False
3465093,여수,신라스테이 여수,숙박 > 호텔 > 호텔,전남광주통합특별시 여수시 수정3길 8 (수정동),True,False
2566867,여수,오션힐호텔,숙박 > 콘도미니엄 > 레지던스,전남광주통합특별시 여수시 돌산읍 강남해안로 81,True,False
1785294,여수,소노캄 여수,문화관광 > 복합관광시설 > 리조트,전남광주통합특별시 여수시 오동도로 111,True,False
3504713,여수,호텔 헤이븐,숙박 > 호텔 > 호텔,전남광주통합특별시 여수시 돌산읍 진두해안길 131,True,False
3545259,여수,히든베이호텔,숙박 > 호텔 > 호텔,전남광주통합특별시 여수시 신월로 496-25 (신월동),True,False
3465919,여수,호텔 JCS 여수,숙박 > 호텔 > 호텔,전남광주통합특별시 여수시 돌산읍 돌산로 3169-14,True,False
2697633,여수,낭만밤바다호스텔(낭만밤바다펜션리조트),숙박 > 호스텔 > 게스트하우스,전남광주통합특별시 여수시 이순신광장로 159,True,False
1144737,여수,스카이모텔(여수),숙박 > 모텔 > 모텔,전남광주통합특별시 여수시 교동남1길 5-5 (교동),False,False
2804371,여수,호텔케니여수,숙박 > 호텔 > 호텔,전남광주통합특별시 여수시 충무로 54-2  ,True,False
2707449,여수,백패커스인여수,숙박 > 호스텔 > 게스트하우스,전남광주통합특별시 여수시 공화남2길 14,True,False
1960922,여수,호텔 마띠유,숙박 > 호텔 > 호텔,전남광주통합특별시 여수시 오동도로 20,True,False
3063030,여수,히든비치 리조트,숙박 > 펜션/민박 > 펜션,전남광주통합특별시 여수시 돌산읍 마상포길 39-3,True,False
3532969,여수,블루온리조트,숙박 > 펜션/민박 > 펜션,전남광주통합특별시 여수시 돌산읍 평사로 313,True,False
2692394,여수,GRIDA(그리다 리조트),숙박 > 호스텔 > 게스트하우스,전남광주통합특별시 여수시 돌산읍 강남해안로 60,True,False
1144770,여수,다이아모텔,숙박 > 모텔 > 모텔,전남광주통합특별시 여수시 교동남1길 6-3,False,False
2621530,여수,라테라스 코브 스위트(라테라스 부티크 리조트 앤 스파),숙박 > 호스텔 > 게스트하우스,전남광주통합특별시 여수시 돌산읍 진모1길 29-12,True,False
725431,여수,모텔 투헤븐,숙박 > 모텔 > 모텔,전남광주통합특별시 여수시 시청동3길 35-16,True,False
2785824,여수,블루망고 풀빌라펜션,숙박 > 펜션/민박 > 펜션,전남광주통합특별시 여수시 돌산읍 계동해안길 90,True,False
1937451,여수,쌍둥이네흙집펜션,숙박 > 펜션/민박 > 펜션,전남광주통합특별시 여수시 돌산읍 돌산로 1622-24,True,False
2946553,여수,하월,숙박 > 펜션/민박 > 농어촌민박,전남광주통합특별시 여수시 돌산읍 평사로 160,True,False
2621484,여수,K-PARK(케이파크),숙박 > 호스텔 > 게스트하우스,전남광주통합특별시 여수시 돌산읍 돌산로 3108,True,False
3533123,여수,두언27,숙박 > 펜션/민박 > 펜션,전남광주통합특별시 여수시 율촌면 두언길 27,True,False
3532703,여수,소치빌리지풀빌라펜션,숙박 > 펜션/민박 > 펜션,전남광주통합특별시 여수시 망양로 772 (신덕동),True,False
2697818,여수,여수夜호스텔,숙박 > 호스텔 > 게스트하우스,전남광주통합특별시 여수시 하멜로 60,True,False
2697941,여수,여수밤바다 힐링파크 호스텔,숙박 > 호스텔 > 게스트하우스,전남광주통합특별시 여수시 돌산읍 진모1길 29-38,True,False
1372885,여수,오동도펜션,숙박 > 펜션/민박 > 펜션,전남광주통합특별시 여수시 하멜로 78,False,False
2621735,여수,자연담은(자연담은펜션),숙박 > 호스텔 > 게스트하우스,전남광주통합특별시 여수시 돌산읍 돌산로 3086,False,False
1366960,여수,종점모텔펜션,숙박 > 모텔 > 모텔,전남광주통합특별시 여수시 돌산읍 향일암로 134,True,False
2621770,여수,지뜨 호스텔(지뜨펜션),숙박 > 호스텔 > 게스트하우스,전남광주통합특별시 여수시 여수시민로 1,True,False
2697852,여수,진아리랑 호스텔,숙박 > 호스텔 > 게스트하우스,전남광주통합특별시 여수시 돌산읍 강남2길 6-18,True,False
2697904,여수,포유호스텔,숙박 > 호스텔 > 게스트하우스,전남광주통합특별시 여수시 오동도로 46,True,False
2623577,여수,폴링인블루펜션,숙박 > 펜션/민박 > 펜션,전남광주통합특별시 여수시 돌산읍 월암길 125,True,False
2049981,여수,한옥호텔 오동재,숙박 > 호텔 > 호텔,전남광주통합특별시 여수시 박람회길 99,True,False
2699348,여수,휴앤고 게스트하우스,숙박 > 호스텔 > 게스트하우스,전남광주통합특별시 여수시 동문로 94,True,False
1991188,여주,썬밸리호텔,숙박 > 호텔 > 호텔,경기도 여주시 강변유원지길 45 (연양동),True,False
137483,여주,일성남한강콘도&리조트,문화관광 > 복합관광시설 > 리조트,경기도 여주시 신륵로 5 (천송동),True,False
1746290,여주,하이텔모텔,숙박 > 모텔 > 모텔,경기도 여주시 강변북로 69 (오학동),True,False
2735359,연천,백학자유로리조트,문화관광 > 복합관광시설 > 리조트,경기도 연천군 백학면 노아로491번길 283,True,False
2735326,연천,연천미라클타운,숙박 > 펜션/민박 > 펜션,경기도 연천군 군남면 군중로 134,True,False
2962354,연천,행복하개 애견 펜션,숙박 > 펜션/민박 > 농어촌민박,경기도 연천군 미산면 노아로 670-84,True,False
3456058,영광,호텔 더 스타,숙박 > 호텔 > 호텔,전남광주통합특별시 영광군 영광읍 옥당로 74,True,False
1508575,영광,웨스트오션 컨트리클럽,숙박 > 모텔 > 모텔,전남광주통합특별시 영광군 백수읍 해안로 1362-70,True,False
3489724,영덕,파나크 영덕 바이 소노벨,숙박 > 호텔 > 호텔,경상북도 영덕군 강구면 해상공원길 200,False,False
2570352,영덕,비프리비펜션,숙박 > 펜션/민박 > 펜션,경상북도 영덕군 병곡면 흰돌로 112,True,False
3082668,영덕,로오우,숙박 > 콘도미니엄 > 레지던스,경상북도 영덕군 병곡면 흰돌로 116,True,False
2667887,영덕,호텔 여기어때 영덕점,숙박 > 모텔 > 모텔,경상북도 영덕군 강구면 영덕대게로 423,True,False
2699354,영덕,은혜당,숙박 > 펜션/민박 > 한옥스테이,경상북도 영덕군 축산면 상원길 109-24,True,False
2015506,영덕,더스트림 펜션,숙박 > 펜션/민박 > 펜션,경상북도 영덕군 강구면 영덕대게로 577,True,False
3586167,영덕,리브포레스트 풀빌라리조트,숙박 > 펜션/민박 > 펜션,경상북도 영덕군 영덕읍 영덕대게로 625-284,True,False
1875453,영덕,블루오션관광펜션,숙박 > 펜션/민박 > 펜션,경상북도 영덕군 남정면 동해대로 4142,True,False
2011383,영덕,해림펜션,숙박 > 펜션/민박 > 펜션,경상북도 영덕군 강구면 영덕대게로 313,True,False
3533121,영덕,딜라이트107풀빌라,숙박 > 펜션/민박 > 펜션,경상북도 영덕군 강구면 영덕대게로 509-9,True,False
2598702,영덕,마골댁,숙박 > 펜션/민박 > 한옥스테이,경상북도 영덕군 창수면 인량1길 24,True,False
2611044,영덕,하벳 풀빌라 & 리조트,숙박 > 펜션/민박 > 펜션,경상북도 영덕군 병곡면 흰돌로 46,True,False
3414808,영동,일라이트 호텔,숙박 > 호텔 > 호텔,충청북도 영동군 영동읍 영동힐링로 159,True,False
1883593,영암,월인당,숙박 > 펜션/민박 > 한옥스테이,전남광주통합특별시 영암군 모정1길 37-11,True,False
2576371,영암,월출산 달빛정원,숙박 > 펜션/민박 > 한옥스테이,전남광주통합특별시 영암군 군서면 월암길 116-11,True,False
397653,영암,호텔현대 바이 라한 목포,숙박 > 호텔 > 호텔,전남광주통합특별시 영암군 삼호읍 대불로 91,True,False
2668091,영암,구림전통한옥민박,숙박 > 펜션/민박 > 한옥스테이,전남광주통합특별시 영암군 군서면 죽정서원길 5-42,True,False
3533119,영암,기찬빌리지,숙박 > 펜션/민박 > 펜션,전남광주통합특별시 영암군 영암읍 기찬랜드로 41,True,False
2680781,영암,소리터,숙박 > 펜션/민박 > 한옥스테이,전남광주통합특별시 영암군 군서면 죽정서원길 9,True,False
2699326,영암,월출산 청풍명월,숙박 > 펜션/민박 > 한옥스테이,전남광주통합특별시 영암군 군서면 월암길 116-29,True,False
3510268,영양,영양펜션 산적 (청년협동조합별빛고은),숙박 > 펜션/민박 > 펜션,경상북도 영양군 입암면 연당리 27-3 선바위 자연생태마을,True,False
2620413,영양,병암고택,숙박 > 펜션/민박 > 한옥스테이,경상북도 영양군 석보면 두들마을길 100,True,False
2708661,영월,비브릿지,숙박 > 펜션/민박 > 펜션,강원특별자치도 영월군 김삿갓면 영월동로 2295-12,True,False
622333,영월,동방모텔,숙박 > 모텔 > 모텔,강원특별자치도 영월군 영월읍 단종로 3-1,False,False
1122064,영월,강가에 하얀집 펜션,숙박 > 펜션/민박 > 펜션,강원특별자치도 영월군 영월읍 선돌길 83-9,True,False
138384,영월,동강빌리지,숙박 > 펜션/민박 > 펜션,강원특별자치도 영월군 영월읍 동강로 225,True,False
1991092,영월,동강시스타 리조트,문화관광 > 복합관광시설 > 리조트,강원특별자치도 영월군 영월읍 사지막길 160,True,False
2783083,영월,산골흙집,숙박 > 펜션/민박 > 펜션,강원특별자치도 영월군 북면 진등길 189-19,True,False
899898,영월,엄둔가자화이트펜션,숙박 > 펜션/민박 > 펜션,강원특별자치도 영월군 무릉도원면 엄둔길 529-1,True,False
575968,영월,엘솔펜션,숙박 > 펜션/민박 > 펜션,강원특별자치도 영월군 주천면 장충동길 242,True,False
138375,영월,예솔누리,숙박 > 펜션/민박 > 펜션,강원특별자치도 영월군 무릉도원면 도원운학로 1069,True,False
2652634,영월,조견당,숙박 > 호텔 > 호텔,강원특별자치도 영월군 주천면 고가옥길 27,True,False
397691,영월,하늘샘펜션,숙박 > 펜션/민박 > 펜션,강원특별자치도 영월군 영월읍 둥글바위길 58,True,False
398068,영월,해질녘강물소리,숙박 > 펜션/민박 > 펜션,강원특별자치도 영월군 무릉도원면 학산길 42,True,False
2757597,영월,산골초가펜션,숙박 > 펜션/민박 > 펜션,강원특별자치도 영월군 북면 굴앞마을길 64-152,True,False
4079535,영월,우구정가옥,숙박 > 펜션/민박 > 한옥스테이,강원특별자치도 영월군 남면 들골안길 127-4,True,False
3545226,영월,호텔 어라연,숙박 > 호텔 > 호텔,강원특별자치도 영월군 영월읍 은행나무4길 20-3,True,False
1702606,영주,소백산풍기온천리조트,숙박 > 모텔 > 모텔,경상북도 영주시 풍기읍 죽령로 1400,True,False
2017268,영주,영주온천관광호텔,숙박 > 모텔 > 모텔,경상북도 영주시 대학로240번길 8,True,False
2804328,영주,만죽재고택,숙박 > 펜션/민박 > 한옥스테이,경상북도 영주시 문수면 무섬로234번길 11-8,True,False
2600221,영주,박정우가옥,숙박 > 펜션/민박 > 한옥스테이,경상북도 영주시 문수면 무섬로234번길 11-17,True,False
3410723,영주,샘사이트,숙박 > 펜션/민박 > 농어촌민박,경상북도 영주시 부석면 영부로117번길 76-7,True,False
2600301,영주,김진호가옥,숙박 > 펜션/민박 > 한옥스테이,경상북도 영주시 문수면 무섬로234번길 31-8,True,False
2600371,영주,선비촌,숙박 > 펜션/민박 > 한옥스테이,경상북도 영주시 순흥면 소백로 2796,True,False
2600265,영주,섬계고택,숙박 > 펜션/민박 > 한옥스테이,경상북도 영주시 문수면 무섬로234번길 11-7,True,False
2600248,영주,수춘제(김태길) 고택,숙박 > 펜션/민박 > 한옥스테이,경상북도 영주시 문수면 무섬로234번길 7-3,True,False
2695718,영주,아지펜션,숙박 > 펜션/민박 > 펜션,경상북도 영주시 회헌로358번길 25,True,False
2600498,영주,주실고택,숙박 > 펜션/민박 > 한옥스테이,경상북도 영주시 문수면 무섬로 238-8,True,False
2598901,영주,한국선비문화수련원,숙박 > 호텔 > 호텔,경상북도 영주시 순흥면 소백로 2806,True,False
1992038,영천,귀애고택,숙박 > 펜션/민박 > 한옥스테이,경상북도 영천시 화남면 귀호1길 37-17,True,False
4079534,영천,한옥스테이 궁붙,숙박 > 펜션/민박 > 한옥스테이,경상북도 영천시 고경면 도암길 12-7,True,False
3039115,예산,세심천온천호텔,숙박 > 모텔 > 모텔,충청남도 예산군 삽교읍 수암산로 210,True,False
3446629,예산,스파뷰호텔,숙박 > 콘도미니엄 > 레지던스,충청남도 예산군 덕산면 온천단지2로 77,True,False
2651804,예산,그랜드모텔,숙박 > 모텔 > 모텔,충청남도 예산군 예산읍 충서로 1344,True,False
4055385,예산,예당호 착한농촌체험세상,숙박 > 펜션/민박 > 펜션,충청남도 예산군 응봉면 후사리 176,True,False
2817504,예산,온연 프라이빗 빌라,숙박 > 펜션/민박 > 펜션,충청남도 예산군 덕산면 온천단지1로 69-5,True,False
3473400,예천,산택스테이,숙박 > 모텔 > 모텔,경상북도 예천군 용궁면 경서로 1089,True,False
3316818,예천,스테이 오아스,숙박 > 펜션/민박 > 펜션,경상북도 예천군 용문면 맛질길 162,True,False
1998844,예천,춘우재고택,숙박 > 펜션/민박 > 한옥스테이,경상북도 예천군 용문면 맛질길 101,True,False
2607661,예천,남악종택,숙박 > 펜션/민박 > 한옥스테이,경상북도 예천군 용문면 구계길 43-8,True,False
3532773,예천,덕용재4.9,숙박 > 펜션/민박 > 한옥스테이,경상북도 예천군 용문면 금당실길 78-1,True,False
2572886,예천,삼연재,숙박 > 펜션/민박 > 한옥스테이,경상북도 예천군 보문면 웃노트기길 68,True,False
2918701,오산,아너스호텔,숙박 > 호텔 > 호텔,경기도 오산시 오산로212번길 32 (원동),True,False
3485310,오산,더휴식 고요37호텔 오산점,숙박 > 모텔 > 모텔,경기도 오산시 원동로37번길 35-16 (원동),True,False
3484668,오산,더휴식 아늑호텔 오산점,숙박 > 모텔 > 모텔,경기도 오산시 대원로 28-4 (원동),True,False
2851991,오산,호텔디,숙박 > 호텔 > 호텔,경기도 오산시 원동로 5 (원동),True,False
2854436,옥천,옥천전통문화체험관,숙박 > 펜션/민박 > 한옥스테이,충청북도 옥천군 향수길 100,True,False
3532884,옥천,구공스테이 옥천키즈,숙박 > 펜션/민박 > 펜션,충청북도 옥천군 이원면 지탄길 266,True,False
4074858,옥천,스테이비롯,숙박 > 펜션/민박 > 펜션,충청북도 옥천군 군서면 장령산로 473 (장령산 힐링팬션),True,False
1829434,완도,솔밭펜션,숙박 > 펜션/민박 > 펜션,전남광주통합특별시 완도군 보길면 보길동로 382,True,False
137981,완도,그랜드 모텔,숙박 > 모텔 > 모텔,전남광주통합특별시 완도군 완도읍 개포로56번길 41,False,False
2811450,완도,코너레지던스호텔,숙박 > 호텔 > 호텔,전남광주통합특별시 완도군 개포로 179  ,True,False
2608154,완도,조약도 한옥체험,숙박 > 펜션/민박 > 한옥스테이,전남광주통합특별시 완도군 약산면 구암길 80,True,False
2778949,완주,상관리조트&스파,문화관광 > 복합관광시설 > 리조트,전북특별자치도 완주군 상관면 죽림편백길 118-38,True,False
2637672,완주,아원,숙박 > 펜션/민박 > 농어촌민박,전북특별자치도 완주군 소양면 송광수만로 516-7,True,False
496393,완주,호텔 모악산,숙박 > 모텔 > 모텔,전북특별자치도 완주군 구이면 모악산길 104-10,True,False
142942,완주,대둔산호텔,숙박 > 호텔 > 호텔,전북특별자치도 완주군 운주면 대둔산공원길 37,True,False
2049307,완주,녹운재,숙박 > 펜션/민박 > 한옥스테이,전북특별자치도 완주군 소양면 송광수만로 472-18,True,False
2047895,완주,대승한지마을 한옥전통문화체험관,숙박 > 펜션/민박 > 한옥스테이,전북특별자치도 완주군 보검길 18-4,True,False
2622784,완주,소양고택 한옥스테이,숙박 > 펜션/민박 > 한옥스테이,전북특별자치도 완주군 소양면 송광수만로 472-23,True,False
2814991,완주,여림재펜션,숙박 > 펜션/민박 > 펜션,전북특별자치도 완주군 죽림편백길 96,True,False
2570188,완주,청풍헌(시랑골한옥스테이),숙박 > 펜션/민박 > 한옥스테이,전북특별자치도 완주군 고산면 동봉길 20-6,True,False
1884345,완주,행복드림한옥,숙박 > 펜션/민박 > 한옥스테이,전북특별자치도 완주군 용진면 봉서안길 181-21,True,False
3079888,완주,더클래식호텔,숙박 > 호텔 > 호텔,전북특별자치도 완주군 이서면 오공로 21-19,True,False
2583187,완주,전통문화체험장,숙박 > 펜션/민박 > 한옥스테이,전북특별자치도 완주군 대아저수로 416 완주전통문화체험장,True,False
2697881,완주,콩쥐팥쥐 관광 한옥리조트,숙박 > 호스텔 > 게스트하우스,전북특별자치도 완주군 이서면 신지앵곡길 237-10,True,False
136063,용인,한화리조트 용인 베잔송,문화관광 > 복합관광시설 > 리조트,경기도 용인시 처인구 남사읍 봉무로153번길 79,True,False
136632,용인,양지파인리조트,문화관광 > 복합관광시설 > 리조트,경기도 용인시 처인구 양지면 남평로 112,True,False
3084992,용인,호텔 에비뉴,숙박 > 호텔 > 호텔,경기도 용인시 처인구 중부대로1576번길 50 (마평동),True,False
2620182,용인,송담 고택,숙박 > 펜션/민박 > 한옥스테이,경기도 용인시 처인구 이동읍 어진로 780,True,False
3079710,용인,골든튤립에버 용인호텔,숙박 > 호텔 > 호텔,경기도 용인시 처인구 포곡읍 전대로78번길 19-2,True,False
1831623,용인,리디자인호텔,숙박 > 모텔 > 모텔,경기도 용인시 기흥구 동백3로11번길 43,True,False
3079732,용인,메리엘호텔,숙박 > 호텔 > 호텔,경기도 용인시 기흥구 신정로 235 (신갈동),True,False
3085019,용인,아미부티크 호텔,숙박 > 호텔 > 호텔,경기도 용인시 기흥구 기흥단지로 49 (고매동),True,False
136639,용인,에버랜드 홈브리지,숙박 > 호스텔 > 유스호스텔,경기도 용인시 처인구 포곡읍 에버랜드로 199,True,False
691429,용인,에코그린타운,숙박 > 펜션/민박 > 펜션,경기도 용인시 처인구 양지면 죽양대로2071번길 26-11,True,False
3085018,용인,호텔 M7,숙박 > 모텔 > 모텔,경기도 용인시 기흥구 갈천로7번길 51 (신갈동),True,False
3101964,용인,고기리 다온스테이,숙박 > 펜션/민박 > 한옥스테이,경기도 용인시 수지구 호수로52번길 51 (고기동),True,False
2604100,용인,예직한옥체험마을(용인예직한옥체험 마을),숙박 > 펜션/민박 > 한옥스테이,경기도 용인시 처인구 예직로 24-28,True,False
2932921,용인,한울,숙박 > 펜션/민박 > 한옥스테이,경기도 용인시 처인구 송주로236번길 110,True,False
3532750,용인,해우당,숙박 > 펜션/민박 > 한옥스테이,경기도 용인시 수지구 고기로377번길 51-21 (고기동),True,False
2748996,울릉,코스모스 울릉도,숙박 > 호텔 > 호텔,경상북도 울릉군 북면 추산길 88-13,True,False
2622959,울릉,상일 호스텔(상일펜션),숙박 > 호스텔 > 게스트하우스,경상북도 울릉군 울릉읍 울릉순환로 680,True,False
2570099,울릉,해오름관광펜션,숙박 > 펜션/민박 > 펜션,경상북도 울릉군 울릉읍 도동1길 35-10,True,False
3532972,울릉,울릉SKY펜션,숙박 > 펜션/민박 > 펜션,경상북도 울릉군 북면 평리1길 85-86,True,False
142903,울산,호텔현대 바이 라한 울산,숙박 > 호텔 > 호텔,울산광역시 동구 방어진순환도로 875,True,False
2570801,울산,신라스테이 울산,숙박 > 호텔 > 호텔,울산광역시 남구 삼산로 200 (달동),True,False
143064,울산,롯데호텔 울산,숙박 > 호텔 > 호텔,울산광역시 남구 삼산로 282 롯데호텔,True,False
2570790,울산,롯데시티호텔 울산,숙박 > 호텔 > 호텔,울산광역시 남구 삼산로 204,True,False
2571095,울산,루이스호텔,숙박 > 모텔 > 모텔,울산광역시 동구 해수욕장2길 65 (일산동),True,False
2708665,울산,브라운도트호텔 장생포점,숙박 > 호텔 > 호텔,울산광역시 남구 장생포고래로 211,True,False
1144607,울산,경원BIZ모텔,숙박 > 모텔 > 모텔,울산광역시 동구 녹수7길 58 (전하동),True,False
2994636,울산,다담한옥,숙박 > 펜션/민박 > 한옥스테이,울산광역시 울주군 상북면 거리지곡2길 8,True,False
2576493,울산,배내골 걸리버 펜션,숙박 > 펜션/민박 > 펜션,울산광역시 울주군 상북면 배내로 1013-27,True,False
1503294,울산,브이온천모텔,숙박 > 모텔 > 모텔,울산광역시 울주군 상북면 알프스온천2길 10,True,False
2570731,울산,블루오션뷰,숙박 > 호텔 > 호텔,울산광역시 울주군 서생면 진하해변길 74,True,False
2587437,울산,수호천사,숙박 > 펜션/민박 > 펜션,울산광역시 울주군 서생면 간절곶1길 31-1,True,False
1804605,울산,아젤란 리조트,문화관광 > 복합관광시설 > 리조트,울산광역시 울주군 상북면 덕현남천길 7,True,False
820041,울산,알프스온천모텔,숙박 > 모텔 > 모텔,울산광역시 울주군 상북면 알프스온천2길 9,True,False
2050197,울산,어련당,숙박 > 펜션/민박 > 한옥스테이,울산광역시 중구 산전길 61 어련당,True,False
2570704,울산,여우비관광호텔,숙박 > 호텔 > 호텔,울산광역시 남구 산업로647번길 14 (삼산동),True,False
143089,울산,울산 굿모닝 관광호텔,숙박 > 호텔 > 호텔,울산광역시 동구 바드래1길 15,True,False
3532664,울산,끌리몽드 키즈풀빌라,숙박 > 펜션/민박 > 펜션,울산광역시 울주군 서생면 해맞이로 895-34,True,False
3464865,울산,머큐어 앰배서더 울산,숙박 > 호텔 > 호텔,울산광역시 북구 강동산하2로 7 (산하동),True,False
3532607,울산,비엔베뉴,숙박 > 호스텔 > 게스트하우스,울산광역시 울주군 서생면 진하해변길 34,True,False
3533124,울산,에스콘디테,숙박 > 펜션/민박 > 펜션,울산광역시 남구 왕생로30번길 4 (달동),True,False
2571256,울산,오션뷰호텔,숙박 > 호텔 > 호텔,울산광역시 동구 해수욕장1길 50,True,False
2570748,울산,울산시티호텔,숙박 > 호텔 > 호텔,울산광역시 남구 삼산로 246,True,False
142962,울진,덕구온천호텔&콘도,숙박 > 호텔 > 호텔,경상북도 울진군 북면 덕구온천로 924,True,False
2017499,울진,아라누리펜션,숙박 > 펜션/민박 > 펜션,경상북도 울진군 기성면 망양로 123,True,False
2531514,울진,백암스프링스호텔,숙박 > 호텔 > 호텔,경상북도 울진군 온천로 90 백암스프링스호텔,True,False
1300411,원주,호텔인터불고 원주,숙박 > 호텔 > 호텔,강원특별자치도 원주시 동부순환로 200,True,False
3082611,원주,원주시티호텔 혁신도시점,숙박 > 호텔 > 호텔,강원특별자치도 원주시 건강로 4 (반곡동),True,False
1742887,원주,베니키아 호텔 비즈인,숙박 > 호텔 > 호텔,강원특별자치도 원주시 만대로 7-1 (무실동),True,False
137475,원주,오크밸리,숙박 > 콘도미니엄 > 콘도,강원특별자치도 원주시 지정면 오크밸리1길 66,True,False
2907697,원주,오키드호텔,숙박 > 호텔 > 호텔,강원특별자치도 원주시 봉화로 26 (단계동),True,False
3082630,원주,보스코아호텔,숙박 > 호텔 > 호텔,강원특별자치도 원주시 미래로 25 (반곡동),True,False
2552001,원주,별무인호텔,숙박 > 모텔 > 모텔,강원특별자치도 원주시 지정면 보통로 569-16,True,False
816294,원주,원모텔,숙박 > 모텔 > 모텔,강원특별자치도 원주시 현충로 20-7,True,False
398066,원주,호암산장,숙박 > 펜션/민박 > 펜션,강원특별자치도 원주시 문막읍 석지1길 322,True,False
2700606,원주,또아리하우스,숙박 > 펜션/민박 > 펜션,강원특별자치도 원주시 판부면 치악로 966,True,False
2692119,원주,클라우드펜션민박,숙박 > 펜션/민박 > 펜션,강원특별자치도 원주시 소초면 백교길 107,True,False
3076701,음성,호텔모닝캄,숙박 > 호텔 > 호텔,충청북도 음성군 맹동면 대하2가길 28,True,False
1964675,음성,서울호텔,숙박 > 호텔 > 호텔,충청북도 음성군 대소면 삼양로 572-1,True,False
2603733,의령,중제고택,숙박 > 펜션/민박 > 한옥스테이,경상남도 의령군 정곡면 호암길 18,True,False
1992717,의성,의성 소우당,숙박 > 펜션/민박 > 한옥스테이,경상북도 의성군 금성면 산운마을길 55,True,False
3091316,의정부,제이비스호텔,숙박 > 호텔 > 호텔,경기도 의정부시 청사로6번길 19-7 (신곡동),True,False
3091322,의정부,호텔베네,숙박 > 호텔 > 호텔,경기도 의정부시 흥선로168번길 26 (의정부동),True,False
3091337,의정부,라트리호텔,숙박 > 호텔 > 호텔,경기도 의정부시 청사로6번길 19-13 (신곡동),True,False
3532743,의정부,아늑한가 서울한옥 스테이 풀빌라 스파펜션,숙박 > 펜션/민박 > 한옥스테이,경기도 의정부시 평화로15번길 11 (호원동),True,False
3571003,이천,에덴파라다이스호텔,숙박 > 호텔 > 호텔,경기도 이천시 마장면 서이천로 449-79,True,False
2680818,이천,산수유사랑채,숙박 > 펜션/민박 > 한옥스테이,경기도 이천시 백사면 원적로775번길 17,True,False
3023465,이천,오월의 푸른하늘,숙박 > 펜션/민박 > 펜션,경기도 이천시 마장면 덕평로877번길 16,True,False
2668524,이천,이천백사 산수유영농조합법인(이천산수유마을),숙박 > 펜션/민박 > 한옥스테이,경기도 이천시 백사면 원적로775번길 17,True,False
2564295,익산,웨스턴라이프호텔,숙박 > 모텔 > 모텔,전북특별자치도 익산시 동서로 380,True,False
1883594,익산,익산유스호스텔,숙박 > 호스텔 > 유스호스텔,전북특별자치도 익산시 마한로 11,True,False
2574164,익산,금마관,숙박 > 펜션/민박 > 한옥스테이,전북특별자치도 익산시 금마면 고도8길 3,True,False
1853192,익산,미륵산자연학교,숙박 > 펜션/민박 > 펜션,전북특별자치도 익산시 삼기면 죽청길 46-60,True,False
3102203,익산,함라한옥체험단지,숙박 > 펜션/민박 > 한옥스테이,전북특별자치도 익산시 함라면 함라교동길 25,True,False
2433873,인제,인제스피디움,숙박 > 콘도미니엄 > 콘도,강원특별자치도 인제군 기린면 상하답로 130,True,False
3048463,인제,플로팅웨일 설악도적폭포스테이,숙박 > 펜션/민박 > 펜션,강원특별자치도 인제군 북면 미시령옛길 140,True,False
3044650,인제,호텔 스카이락,숙박 > 호텔 > 호텔,강원특별자치도 인제군 인제읍 비봉로 39,True,False
3533120,인제,백담스카이하우스,숙박 > 펜션/민박 > 펜션,강원특별자치도 인제군 북면 백담로 124-2,True,False
138547,인제,강변에서 황토콘도,숙박 > 펜션/민박 > 펜션,강원특별자치도 인제군 인제읍 내린천로 5384,True,False
139867,인제,갤러리 앤 펜션 풍경소리,숙박 > 펜션/민박 > 펜션,강원특별자치도 인제군 기린면 설피밭길 661,True,False
139171,인제,들꽃나라펜션,숙박 > 펜션/민박 > 펜션,강원특별자치도 인제군 기린면 방태산길 200,True,False
138252,인제,맑은물소리 펜션,숙박 > 펜션/민박 > 펜션,강원특별자치도 인제군 기린면 대내로 97,True,False
138679,인제,설산펜션,숙박 > 펜션/민박 > 펜션,강원특별자치도 인제군 북면 황태길 330,True,False
138081,인제,아웃도어패밀리,숙박 > 펜션/민박 > 펜션,강원특별자치도 인제군 인제읍 내린천로 6215,True,False
4109577,인제,인제 내린천 자작나무숲 겨울이네 펜션,숙박 > 펜션/민박 > 펜션,강원특별자치도 인제군 인제읍 내린천로 6082-8,True,False
2595790,인제,인제호텔(INJE HOTEL),숙박 > 호텔 > 호텔,강원특별자치도 인제군 인제읍 인제로187번길 4,True,False
386021,인제,진동너와촌 해마루펜션,숙박 > 펜션/민박 > 펜션,강원특별자치도 인제군 기린면 설피밭길 395-49,True,False
398059,인제,진동리의아침,숙박 > 펜션/민박 > 펜션,강원특별자치도 인제군 기린면 조침령로 1329,True,False
900367,인제,펜션포유,숙박 > 펜션/민박 > 펜션,강원특별자치도 인제군 인제읍 고사리길 73,True,False
3073495,인천,인스파이어 엔터테인먼트 리조트,숙박 > 호텔 > 호텔,인천광역시 영종구 공항문화로 127 (운서동),True,False
3464661,인천,네스트호텔,숙박 > 호텔 > 호텔,인천광역시 영종구 영종해안남로 19-5 (운서동),True,False
788974,인천,오라카이 송도파크호텔,숙박 > 호텔 > 호텔,인천광역시 연수구 테크노파크로 151 (송도동),True,False
2007951,인천,오크우드 프리미어 인천,숙박 > 콘도미니엄 > 콘도,인천광역시 연수구 컨벤시아대로 165,True,False
142801,인천,라마다송도호텔,숙박 > 호텔 > 호텔,인천광역시 연수구 능허대로267번길 29,True,False
4086772,인천,하얏트 리젠시 인천 파라다이스시티,숙박 > 호텔 > 호텔,인천광역시 영종구 영종해안남로321번길 190 (운서동),True,False
787644,인천,쉐라톤 그랜드 인천 호텔,숙박 > 호텔 > 호텔,인천광역시 연수구 컨벤시아대로 153,True,False
2784005,인천,오션솔레뷰호텔,숙박 > 호텔 > 호텔,인천광역시 영종구 영종진광장로 32 (중산동),True,False
143090,인천,그랜드 하얏트 인천,숙박 > 호텔 > 호텔,인천광역시 영종구 영종해안남로321번길 208,True,False
820165,인천,아일랜드캐슬,숙박 > 모텔 > 모텔,인천광역시 옹진군 백령면 백령로 215,True,False
2785880,인천,오션파크나인호텔,숙박 > 호텔 > 호텔,인천광역시 영종구 영종진광장로 10 (중산동),True,False
3531193,인천,이비스 스타일 앰배서더 인천 에어포트,숙박 > 호텔 > 호텔,인천광역시 영종구 제2터미널대로 340 (운서동),True,False
3536557,인천,제이앤파크호텔,숙박 > 호텔 > 호텔,인천광역시 영종구 용유서로 262-15 (을왕동),True,False
2782945,인천,골든튤립 인천공항 호텔&스위트,숙박 > 호텔 > 호텔,인천광역시 영종구 흰바위로59번길 8 (운서동),True,False
2475088,인천,경원재 바이 워커힐,숙박 > 호텔 > 호텔,인천광역시 연수구 테크노파크로 200,True,False
2539567,인천,구월호텔,숙박 > 호텔 > 호텔,인천광역시 남동구 선수촌공원로23번길 1,True,False
143106,인천,베스트웨스턴 프리미어 인천 에어포트 호텔,숙박 > 호텔 > 호텔,인천광역시 영종구 공항로424번길 48-27,True,False
3067732,인천,호텔 에버리치,숙박 > 호텔 > 호텔,인천광역시 강화군 강화읍 화성길50번길 43,True,False
1882243,인천,모텔 마리나,숙박 > 모텔 > 모텔,인천광역시 옹진군 영흥면 선재로 311,True,False
2480245,인천,인천스테이호텔,숙박 > 호텔 > 호텔,인천광역시 연수구 능허대로 181,True,False
660078,인천,W모텔(구 쉘모텔),숙박 > 모텔 > 모텔,인천광역시 강화군 길상면 해안남로 13-15,True,False
2708337,인천,글로스터호텔 인천,숙박 > 호텔 > 호텔,인천광역시 남동구 소래역로 36,True,False
2663186,인천,파크마린호텔,숙박 > 호텔 > 호텔,인천광역시 남동구 소래역로 44 (논현동),True,False
1882463,인천,K-모텔,숙박 > 모텔 > 모텔,인천광역시 제물포구 연안부두로55번길 4-3,True,False
2376655,인천,W호텔,숙박 > 호텔 > 호텔,인천광역시 제물포구 월미로 211 (북성동1가),True,False
136605,인천,강화유스호스텔,숙박 > 호스텔 > 유스호스텔,인천광역시 강화군 내가면 해안서로 972,True,False
2521964,인천,강화평화빌리지,숙박 > 모텔 > 모텔,인천광역시 강화군 송해면 상도숭뢰길 183,True,False
1204528,인천,고추잠자리,숙박 > 모텔 > 모텔,인천광역시 부평구 동암광장로4번길 12,True,False
2593573,인천,노을내리는아름다운집,숙박 > 펜션/민박 > 펜션,인천광역시 강화군 삼산남로 933,True,False
3483444,인천,더휴식 아늑호텔 인천 부평점,숙박 > 모텔 > 모텔,인천광역시 부평구 경원대로1417번길 18-8 (부평동),True,False
3483655,인천,더휴식 아늑호텔 인천구월점,숙박 > 모텔 > 모텔,인천광역시 남동구 예술로204번길 15 (구월동),True,False
2594928,인천,데이즈호텔 앤 스위트 인천에어포트,숙박 > 호텔 > 호텔,인천광역시 영종구 신도시남로142번길 6 (운서동),True,False
696845,인천,도자기펜션,숙박 > 펜션/민박 > 펜션,인천광역시 옹진군 영흥면 영흥로757번길 147,True,False
2593672,인천,라르고빌리조트,숙박 > 호텔 > 호텔,인천광역시 강화군 해안남로2845번길 27 라르고빌리조트,True,False
1747999,인천,리치호텔,숙박 > 모텔 > 모텔,인천광역시 연수구 능허대로 124,True,False
4065010,인천,마니스테이,숙박 > 펜션/민박 > 펜션,인천광역시 강화군 화도면 해안남로 2194-19,True,False
138909,인천,명성리조텔,숙박 > 펜션/민박 > 펜션,인천광역시 옹진군 영흥면 영흥로722번길 39,True,False
3484267,인천,미타스야 료칸 호텔 인천서구청역점,숙박 > 모텔 > 모텔,인천광역시 서해구 서곶로301번길 20 (심곡동),True,False
1937524,인천,베니키아 월미도 더블리스 호텔,숙박 > 호텔 > 호텔,인천광역시 제물포구 월미로 266,True,False
761536,인천,베스트웨스턴 하버파크호텔,숙박 > 호텔 > 호텔,인천광역시 제물포구 제물량로 217,True,False
1882357,인천,별자리펜션,숙박 > 펜션/민박 > 펜션,인천광역시 영종구 선녀바위로55번길 18,True,False
1893109,인천,별장아원,숙박 > 펜션/민박 > 펜션,인천광역시 강화군 내가면 고비고개로743번길 47-7,True,False
1748010,인천,보보스호텔,숙박 > 모텔 > 모텔,인천광역시 연수구 능허대로104번길 59,True,False
2783477,인천,스카이탑호텔,숙박 > 호텔 > 호텔,인천광역시 영종구 영종대로196번길 15-7 (운서동),True,False
987145,인천,씨월드관광호텔,숙박 > 호텔 > 호텔,인천광역시 영종구 용유서로479번길 50-7,True,False
2575774,인천,영흥도관광펜션,숙박 > 펜션/민박 > 펜션,인천광역시 옹진군 영흥면 영흥로156번길 33-17,True,False
2468936,인천,옛날에금잔디,숙박 > 펜션/민박 > 한옥스테이,인천광역시 강화군 내가면 강화서로225번길 18-1,True,False
861350,인천,오션사이드 호텔,숙박 > 호텔 > 호텔,인천광역시 영종구 마시란로 40 (덕교동),True,False
1748017,인천,오슬로 무인텔,숙박 > 모텔 > 모텔,인천광역시 연수구 능허대로 120,True,False
2570709,인천,오후엔,숙박 > 펜션/민박 > 펜션,인천광역시 옹진군 장봉로26번길 76-28,True,False
2534394,인천,월미도 다이아몬드호텔,숙박 > 호텔 > 호텔,인천광역시 제물포구 월미로 229,True,False
2655586,인천,월미도 해월관광호텔,숙박 > 호텔 > 호텔,인천광역시 제물포구 월미로260번길 8,True,False
2019324,인천,이코노미호텔 인천부평점,숙박 > 모텔 > 모텔,인천광역시 부평구 부평대로296번길 88-6,True,False
3306960,인천,인천영종도 하늘과바다호텔,숙박 > 모텔 > 모텔,인천광역시 영종구 은하수로29번길 36 (중산동),True,False
2050339,인천,장보고한옥펜션,숙박 > 펜션/민박 > 한옥스테이,인천광역시 강화군 송해면 강화대로833번길 44-30,True,False
2650701,인천,지엘시티 호텔,숙박 > 호텔 > 호텔,인천광역시 영종구 영종대로196번길 19,True,False
2575850,인천,퀸스비치,숙박 > 펜션/민박 > 펜션,인천광역시 옹진군 영흥면 선재로306번길 27-116,True,False
948274,인천,태양의해변,숙박 > 펜션/민박 > 펜션,인천광역시 강화군 화도면 해안남로 2782-26,True,False
1747952,인천,프로방스 호텔,숙박 > 모텔 > 모텔,인천광역시 미추홀구 미추홀대로722번길 24,True,False
970092,인천,호텔 준 (Hotel June Incheon Airport),숙박 > 호텔 > 호텔,인천광역시 영종구 신도시남로150번길 18,True,False
143151,인천,호텔 카리스,숙박 > 호텔 > 호텔,인천광역시 계양구 계양대로 28,True,False
1882293,인천,호텔 휴 로프트,숙박 > 모텔 > 모텔,인천광역시 영종구 마시란로 51-29,True,False
1965379,인천,호텔미투,숙박 > 모텔 > 모텔,인천광역시 연수구 능허대로191번길 12,True,False
1832440,인천,호텔아마레,숙박 > 모텔 > 모텔,인천광역시 연수구 대암로 3,True,False
1876879,인천,호텔여행,숙박 > 모텔 > 모텔,인천광역시 미추홀구 한나루로 588,True,False
2373814,인천,홀리데이인 인천 송도,숙박 > 호텔 > 호텔,인천광역시 연수구 인천타워대로 251,True,False
1895710,인천,황금노을펜션,숙박 > 펜션/민박 > 펜션,인천광역시 강화군 화도면 해안남로 2463-33,True,False
2622374,인천,네이쳐펜션(자연의집),숙박 > 펜션/민박 > 펜션,인천광역시 옹진군 영흥면 영흥북로426번길 105-1,True,False
3533128,인천,달에게 빌려온 하루,숙박 > 펜션/민박 > 한옥스테이,인천광역시 강화군 양도면 강화남로905번길 50-5,True,False
2622996,인천,델로스호스텔,숙박 > 호스텔 > 게스트하우스,인천광역시 영종구 용유서로 365,True,False
1964059,인천,리츠모텔,숙박 > 모텔 > 모텔,인천광역시 서해구 칠천왕로7번길 19,True,False
2631334,인천,마전역 게스트하우스,숙박 > 호스텔 > 게스트하우스,인천광역시 검단구 완정로65번안길 10,True,False
2700223,인천,블루오션펜션,숙박 > 펜션/민박 > 펜션,인천광역시 영종구 영종진광장로 52,True,False
2665836,인천,섬뜰아래 호스텔(섬뜰아래 카페/캠핑장/펜션),숙박 > 호스텔 > 게스트하우스,인천광역시 영종구 대무의로 229,True,False
2702315,인천,스위스파크,숙박 > 호스텔 > 게스트하우스,인천광역시 영종구 을왕로58번길 8,True,False
3102123,인천,올인원게스트하우스,숙박 > 호스텔 > 게스트하우스,인천광역시 서해구 청라한울로59번길 26 (청라동),True,False
143114,인천,위너스관광호텔,숙박 > 호텔 > 호텔,인천광역시 영종구 왕산로 40,True,False
2628203,인천,한가라지 농원,숙박 > 펜션/민박 > 펜션,인천광역시 강화군 삼산면 삼산남로 1011,True,False
1747887,인천,호텔부티앤(HOTEL BUTI&),숙박 > 모텔 > 모텔,인천광역시 계양구 계양문화로17번길 4,True,False
2708320,임실,이랑한옥스테이,숙박 > 펜션/민박 > 한옥스테이,전북특별자치도 임실군 인덕로 1571-6,True,False
1971844,임실,필봉문화촌 취락원,숙박 > 펜션/민박 > 한옥스테이,전북특별자치도 임실군 강진면 강운로 272,True,False
3543009,임실,임실치즈펜션,숙박 > 펜션/민박 > 펜션,전북특별자치도 임실군 성수면 도인2길 50,True,False
2811451,장성,스테이황룡,숙박 > 펜션/민박 > 한옥스테이,전남광주통합특별시 장성군 행복1길 5-3  ,True,False
142938,장성,백양관광호텔,숙박 > 호텔 > 호텔,전남광주통합특별시 장성군 북하면 백양로 941,False,False
3102033,장성,풍경의 아침,숙박 > 펜션/민박 > 한옥스테이,전남광주통합특별시 장성군 북하면 궐전길 97,True,False
1934699,장수,나봄리조트,숙박 > 호스텔 > 유스호스텔,전북특별자치도 장수군 천천면 승마1로 60-36,False,False
591636,장흥,스파리조트 안단테,문화관광 > 복합관광시설 > 리조트,전남광주통합특별시 장흥군 안양면 수문용곡로 270,True,False
2370865,장흥,정남진리조트,문화관광 > 복합관광시설 > 리조트,전남광주통합특별시 장흥군 부산면 심천공원길 25-27,True,False
649024,장흥,리버스모텔,숙박 > 모텔 > 모텔,전남광주통합특별시 장흥군 장흥읍 장흥대로 3528,True,False
2370222,장흥,사나래펜션,숙박 > 펜션/민박 > 펜션,전남광주통합특별시 장흥군 장평면 우산병동길 436-3,True,False
2569986,장흥,장흥 달바위펜션(Full Moon 달바위펜션),숙박 > 펜션/민박 > 펜션,전남광주통합특별시 장흥군 안양면 비동동촌길 46,True,False
3464082,장흥,장흥 오로 쉼 스테이,숙박 > 펜션/민박 > 펜션,전남광주통합특별시 장흥군 유치면 대천운월길 165-42,True,False
2370269,장흥,정남진 골프리조트,문화관광 > 복합관광시설 > 리조트,전남광주통합특별시 장흥군 장평면 제산기동로 326,True,False
2370248,장흥,휴랜드 펜션,숙박 > 펜션/민박 > 펜션,전남광주통합특별시 장흥군 대덕읍 분토로 394,True,False
1365209,장흥,깊은내펜션,숙박 > 펜션/민박 > 펜션,전남광주통합특별시 장흥군 부산면 심천공원길 96,True,False
2605443,장흥,사나래한옥,숙박 > 펜션/민박 > 한옥스테이,전남광주통합특별시 장흥군 장평면 우산병동길 436-3,True,False
2608140,장흥,하늘누리,숙박 > 펜션/민박 > 한옥스테이,전남광주통합특별시 장흥군 안양면 수문전원길 36,True,False
139890,장흥,해오름펜션,숙박 > 펜션/민박 > 펜션,전남광주통합특별시 장흥군 안양면 수문용곡로 257,True,False
2945609,전주,라한호텔 전주,숙박 > 호텔 > 호텔,전북특별자치도 전주시 완산구 풍남동3가 26-5 라한호텔 전주,True,False
496396,전주,베니키아 전주한성 호텔,숙박 > 호텔 > 호텔,전북특별자치도 전주시 완산구 전주객사5길 43-3,True,False
2783515,전주,베스트웨스턴플러스전주호텔,숙박 > 호텔 > 호텔,전북특별자치도 전주시 완산구 현무1길 41 (서노송동),True,False
2573972,전주,서학아트 게스트하우스,숙박 > 호스텔 > 게스트하우스,전북특별자치도 전주시 완산구 서학로 7,True,False
2719855,전주,전주 한옥마을 백년한옥,숙박 > 펜션/민박 > 농어촌민박,전북특별자치도 전주시 완산구 기린대로 74-9,True,False
2783770,전주,더메이호텔,숙박 > 호텔 > 호텔,전북특별자치도 전주시 덕진구 기린대로 800 (팔복동1가),True,False
3531408,전주,전주 시그니처 호텔,숙박 > 콘도미니엄 > 레지던스,전북특별자치도 전주시 덕진구 백제대로 838 (우아동3가),True,False
2707452,전주,솔호텔,숙박 > 호텔 > 호텔,전북특별자치도 전주시 덕진구 아중2길 22-4 (우아동2가),True,False
3066567,전주,엔브릿지호텔,숙박 > 호텔 > 호텔,전북특별자치도 전주시 완산구 전주천서로 81 (동서학동),True,False
2576343,전주,뜰안채,숙박 > 펜션/민박 > 한옥스테이,전북특별자치도 전주시 완산구 어진길 94-5,True,False
2706568,전주,왕의지밀,숙박 > 펜션/민박 > 한옥스테이,전북특별자치도 전주시 완산구 춘향로 5218-6,True,False
3533157,전주,미미몽몽,숙박 > 펜션/민박 > 한옥스테이,전북특별자치도 전주시 완산구 관선1길 83-1 (남노송동),True,False
2399572,전주,라임호텔,숙박 > 호텔 > 호텔,전북특별자치도 전주시 덕진구 아중4길 13-3,True,False
4086339,전주,AI한옥호텔,숙박 > 모텔 > 모텔,전북특별자치도 전주시 덕진구 아중4길 13 (우아동2가),True,False
2593271,전주,가은채,숙박 > 펜션/민박 > 한옥스테이,전북특별자치도 전주시 완산구 한지길 68-13,True,False
2593272,전주,가은채2,숙박 > 펜션/민박 > 한옥스테이,전북특별자치도 전주시 완산구 한지길 100-20 (풍남동3가),True,False
2572898,전주,고현당,숙박 > 펜션/민박 > 한옥스테이,전북특별자치도 전주시 완산구 한지길 112-3,True,False
2570576,전주,금농헌,숙박 > 펜션/민박 > 한옥스테이,전북특별자치도 전주시 완산구 관선5길 32-3,True,False
4068861,전주,노송맨숀,숙박 > 펜션/민박 > 펜션,전북특별자치도 전주시 완산구 마당재2길 17-9 (남노송동),True,False
2571938,전주,다나하루(다나하루 게스트하우스),숙박 > 호스텔 > 게스트하우스,전북특별자치도 전주시 완산구 향교길 11,True,False
2695742,전주,대성 정담한옥,숙박 > 펜션/민박 > 한옥스테이,전북특별자치도 전주시 완산구 고덕산1길 30,True,False
2574225,전주,도원,숙박 > 펜션/민박 > 한옥스테이,전북특별자치도 전주시 완산구 팔달로 58-3,True,False
2595021,전주,동락원,숙박 > 펜션/민박 > 한옥스테이,전북특별자치도 전주시 완산구 은행로 33-6 (풍남동3가),True,False
2570244,전주,뜨레가,숙박 > 호스텔 > 게스트하우스,전북특별자치도 전주시 완산구 전주천동로 58-10,True,False
2574250,전주,라온한옥꿀잠,숙박 > 펜션/민박 > 한옥스테이,전북특별자치도 전주시 완산구 한지길 99-6,True,False
2570597,전주,마이스테이,숙박 > 호스텔 > 게스트하우스,전북특별자치도 전주시 완산구 동문길 57-8,True,False
1871362,전주,문화공간 양사재,숙박 > 펜션/민박 > 한옥스테이,전북특별자치도 전주시 완산구 오목대길 40 양사재,True,False
2572871,전주,백희,숙박 > 호스텔 > 게스트하우스,전북특별자치도 전주시 완산구 어진길 94-6,True,False
2574415,전주,별자리,숙박 > 펜션/민박 > 한옥스테이,전북특별자치도 전주시 완산구 최명희길 26-17,True,False
2593571,전주,부경당,숙박 > 펜션/민박 > 한옥스테이,전북특별자치도 전주시 완산구 한지길 99-5,True,False
2528149,전주,블루보트게스트하우스 전주점,숙박 > 호스텔 > 게스트하우스,전북특별자치도 전주시 완산구 충경로 75,True,False
2048324,전주,사랑가득,숙박 > 펜션/민박 > 한옥스테이,전북특별자치도 전주시 완산구 향교길 149-8,True,False
2575839,전주,사랑나무 한옥펜션,숙박 > 펜션/민박 > 한옥스테이,전북특별자치도 전주시 완산구 은행로 96,True,False
1972014,전주,삼락헌,숙박 > 펜션/민박 > 한옥스테이,전북특별자치도 전주시 완산구 은행로 47-8,True,False
1972381,전주,서로,숙박 > 펜션/민박 > 한옥스테이,전북특별자치도 전주시 완산구 한지길 100-12,True,False
1972487,전주,시원 한옥체험관,숙박 > 펜션/민박 > 한옥스테이,전북특별자치도 전주시 완산구 오목대길 45-41 (교동),True,False
2575760,전주,연우당,숙박 > 펜션/민박 > 한옥스테이,전북특별자치도 전주시 완산구 태조로 12-17,True,False
2569980,전주,온고을,숙박 > 펜션/민박 > 한옥스테이,전북특별자치도 전주시 완산구 향교길 51-10,True,False
2458168,전주,일락당사랑채,숙박 > 펜션/민박 > 한옥스테이,전북특별자치도 전주시 완산구 최명희길 15 (풍남동3가),True,False
2594216,전주,전주한옥마당,숙박 > 펜션/민박 > 한옥스테이,전북특별자치도 전주시 완산구 전주천동로 80-13 (교동),True,False
2570724,전주,전주한옥마을 산아래(전주한옥마을산아래),숙박 > 호스텔 > 게스트하우스,전북특별자치도 전주시 완산구 오목대길 56,True,False
2594218,전주,정가한옥,숙박 > 펜션/민박 > 한옥스테이,전북특별자치도 전주시 완산구 기린대로 78-3 (풍남동3가),True,False
1971880,전주,좋은날,숙박 > 펜션/민박 > 한옥스테이,전북특별자치도 전주시 완산구 전동성당길 37-7,True,False
2575841,전주,지우당,숙박 > 펜션/민박 > 한옥스테이,전북특별자치도 전주시 완산구 오목대길 45-9,True,False
1882853,전주,풍남헌,숙박 > 펜션/민박 > 한옥스테이,전북특별자치도 전주시 완산구 은행로 35 (풍남동3가),True,False
1882371,전주,학인당,숙박 > 펜션/민박 > 한옥스테이,전북특별자치도 전주시 완산구 향교길 45 (교동),True,False
2570532,전주,한옥미담(전주한옥마을 한옥미담),숙박 > 펜션/민박 > 한옥스테이,전북특별자치도 전주시 완산구 동문길 54-41,True,False
2651450,전주,한옥혜윰,숙박 > 펜션/민박 > 한옥스테이,전북특별자치도 전주시 완산구 향교길 42-5 (교동),True,False
2576546,전주,홍시(전주한옥마을 숙박 홍시),숙박 > 펜션/민박 > 한옥스테이,전북특별자치도 전주시 완산구 은행로 51-11,True,False
2572759,전주,휴(휴펜션),숙박 > 호스텔 > 게스트하우스,전북특별자치도 전주시 완산구 전주천동로 80-15,True,False
2568571,전주,1928 쉼마루,숙박 > 펜션/민박 > 한옥스테이,전북특별자치도 전주시 완산구 향교길 51-4,True,False
3532764,전주,H스테이,숙박 > 호스텔 > 게스트하우스,"전북특별자치도 전주시 덕진구 가리내로 134 (덕진동1가, 한우주택)",True,False
1634785,전주,XO모텔,숙박 > 모텔 > 모텔,전북특별자치도 전주시 덕진구 용산1길 17-1,False,False
2671267,전주,가락청,숙박 > 펜션/민박 > 한옥스테이,전북특별자치도 전주시 완산구 한지길 68,True,False
2570638,전주,강령전,숙박 > 펜션/민박 > 한옥스테이,전북특별자치도 전주시 완산구 태조로 26-24 (풍남동3가),True,False
3438584,전주,건축의 선율,숙박 > 펜션/민박 > 한옥스테이,전북특별자치도 전주시 완산구 최명희길 11-3 (풍남동3가),True,False
2609894,전주,경기전 연가,숙박 > 펜션/민박 > 한옥스테이,전북특별자치도 전주시 완산구 어진길 82-6,True,False
2651962,전주,고유,숙박 > 호스텔 > 게스트하우스,전북특별자치도 전주시 완산구 향교길 51-5,True,False
3438581,전주,교동94,숙박 > 펜션/민박 > 한옥스테이,전북특별자치도 전주시 완산구 은행로 84-8 (교동),True,False
2049706,전주,교동가온,숙박 > 펜션/민박 > 한옥스테이,전북특별자치도 전주시 완산구 은행로 73-1,True,False
2531374,전주,교동살래,숙박 > 펜션/민박 > 한옥스테이,전북특별자치도 전주시 완산구 전주천동로 66-1,True,False
2623572,전주,그 여자네 집,숙박 > 펜션/민박 > 한옥스테이,전북특별자치도 전주시 완산구 향교길 101,True,False
2623938,전주,길건너한옥마을,숙박 > 호스텔 > 게스트하우스,전북특별자치도 전주시 완산구 기린대로 130,True,False
2621722,전주,꽃잠,숙박 > 펜션/민박 > 한옥스테이,전북특별자치도 전주시 완산구 동문길 19-14,True,False
2607787,전주,꿈,숙박 > 펜션/민박 > 한옥스테이,전북특별자치도 전주시 완산구 향교길 85-11,True,False
3438674,전주,나들방,숙박 > 펜션/민박 > 한옥스테이,전북특별자치도 전주시 완산구 최명희길 30 (풍남동3가),True,False
3438578,전주,나루 한옥스테이 독채,숙박 > 펜션/민박 > 한옥스테이,전북특별자치도 전주시 완산구 전주천동로 58 (교동),True,False
1883085,전주,늘봄스테이,숙박 > 펜션/민박 > 한옥스테이,전북특별자치도 전주시 완산구 은행로 74-11,True,False
2607765,전주,다락,숙박 > 펜션/민박 > 한옥스테이,전북특별자치도 전주시 완산구 경기전길 57-6,True,False
2609838,전주,다래헌,숙박 > 펜션/민박 > 한옥스테이,전북특별자치도 전주시 완산구 은행로 51-3,True,False
2593270,전주,단경,숙박 > 호스텔 > 게스트하우스,전북특별자치도 전주시 완산구 한지길 99,True,False
3469822,전주,대동고택,숙박 > 펜션/민박 > 한옥스테이,전북특별자치도 전주시 완산구 대동로 7-13 (태평동),True,False
3438051,전주,더 정가,숙박 > 호스텔 > 게스트하우스,전북특별자치도 전주시 완산구 기린대로 76 (풍남동3가),True,False
2531409,전주,더 한옥,숙박 > 펜션/민박 > 한옥스테이,전북특별자치도 전주시 완산구 은행로 68-15,True,False
3438716,전주,독채 와이에스,숙박 > 호스텔 > 게스트하우스,전북특별자치도 전주시 완산구 간납대2길 18 (풍남동3가),True,False
3438704,전주,독채 전주 수,숙박 > 호스텔 > 게스트하우스,전북특별자치도 전주시 완산구 태조로 26-42 (풍남동3가),True,False
2569656,전주,똘랑(똘랑코티지),숙박 > 호스텔 > 게스트하우스,전북특별자치도 전주시 완산구 서학로 63-17,True,False
3533156,전주,라라몽몽,숙박 > 펜션/민박 > 한옥스테이,전북특별자치도 전주시 완산구 태진로 4-37 (태평동),True,False
4079530,전주,마당댁,숙박 > 호스텔 > 게스트하우스,전북특별자치도 전주시 완산구 마당재1길 22 (남노송동),True,False
2609850,전주,마당예쁜집(전주한옥마을 마당예쁜집),숙박 > 펜션/민박 > 한옥스테이,전북특별자치도 전주시 완산구 향교길 79-8,True,False
2699607,전주,모꼬지,숙박 > 펜션/민박 > 한옥스테이,전북특별자치도 전주시 완산구 향교길 124-6,True,False
2587036,전주,백년한옥,숙박 > 펜션/민박 > 한옥스테이,전북특별자치도 전주시 완산구 기린대로 74-9,True,False
3102092,전주,별빛쉼터,숙박 > 호스텔 > 게스트하우스,전북특별자치도 전주시 완산구 향교길 42-9 (교동),True,False
2611472,전주,보리수 자수 숙박,숙박 > 펜션/민박 > 한옥스테이,전북특별자치도 전주시 완산구 은행로 93-5,True,False
1635552,전주,블루원호텔,숙박 > 모텔 > 모텔,전북특별자치도 전주시 덕진구 용산2길 18,False,False
3532666,전주,산다,숙박 > 펜션/민박 > 한옥스테이,전북특별자치도 전주시 완산구 관선1길 64-3 (남노송동),True,False
3438579,전주,스테이 한울,숙박 > 펜션/민박 > 한옥스테이,전북특별자치도 전주시 완산구 은행로 84-10 (교동),True,False
2623939,전주,알콩달콩 다락방,숙박 > 호텔 > 호텔,전북특별자치도 전주시 완산구 경기전길 153-6,True,False
3532694,전주,어보이,숙박 > 펜션/민박 > 한옥스테이,전북특별자치도 전주시 완산구 은행로 93-3 (교동),True,False
2621825,전주,어울림,숙박 > 펜션/민박 > 한옥스테이,전북특별자치도 전주시 완산구 은행로 75-5,True,False
3438582,전주,여가,숙박 > 펜션/민박 > 한옥스테이,전북특별자치도 전주시 완산구 태조로 12-12 (풍남동3가),True,False
3438583,전주,여유,숙박 > 펜션/민박 > 한옥스테이,전북특별자치도 전주시 완산구 향교길 155-22 (교동),True,False
2610549,전주,예원당(한옥체험 예원당),숙박 > 펜션/민박 > 한옥스테이,전북특별자치도 전주시 완산구 어진길 33-10,True,False
2613318,전주,이가한옥,숙박 > 펜션/민박 > 한옥스테이,전북특별자치도 전주시 완산구 간납로 8,True,False
2708322,전주,이화고택,숙박 > 펜션/민박 > 한옥스테이,전북특별자치도 전주시 완산구 한지길 91,True,False
3438580,전주,인센스,숙박 > 호스텔 > 게스트하우스,전북특별자치도 전주시 완산구 한지길 9-2 (남노송동),True,False
3438575,전주,일상이상,숙박 > 펜션/민박 > 한옥스테이,전북특별자치도 전주시 완산구 인봉1길 16-4 (중노송동),True,False
3438573,전주,자단,숙박 > 펜션/민박 > 한옥스테이,전북특별자치도 전주시 완산구 견훤왕궁로 30-12 (중노송동),True,False
3102211,전주,자하연,숙박 > 펜션/민박 > 한옥스테이,전북특별자치도 전주시 완산구 향교길 97-5 (교동),True,False
2666854,전주,전주 카누호텔,숙박 > 콘도미니엄 > 콘도,전북특별자치도 전주시 덕진구 산정2길 12-7,True,False
2736325,전주,전주 한옥마을 덕수궁,숙박 > 펜션/민박 > 한옥스테이,전북특별자치도 전주시 완산구 간납로 10,True,False
3438691,전주,전주 한옥마을 덕수궁 별관,숙박 > 호스텔 > 게스트하우스,전북특별자치도 전주시 완산구 기린대로 72 (풍남동3가),True,False
3438722,전주,전주 한옥마을 중심 독채,숙박 > 펜션/민박 > 한옥스테이,전북특별자치도 전주시 완산구 태조로 26-44 (풍남동3가),True,False
2610985,전주,전주 한옥숙박 체험관,숙박 > 펜션/민박 > 한옥스테이,전북특별자치도 전주시 완산구 은행로 56-1,True,False
2531417,전주,전주 한옥숙박체험관,숙박 > 펜션/민박 > 한옥스테이,전북특별자치도 전주시 완산구 은행로 56-1,True,False
2635946,전주,전주게스트하우스 고사동,숙박 > 호스텔 > 게스트하우스,전북특별자치도 전주시 완산구 전주객사4길 87-34,True,False
3438736,전주,전주한옥마을 독채덕수궁,숙박 > 펜션/민박 > 한옥스테이,전북특별자치도 전주시 완산구 최명희길 26-40 (풍남동3가),True,False
2613676,전주,전주한옥숙박 사랑루,숙박 > 펜션/민박 > 한옥스테이,전북특별자치도 전주시 완산구 전주천동로 58-5,True,False
3438577,전주,청연,숙박 > 펜션/민박 > 한옥스테이,전북특별자치도 전주시 완산구 전주천동로 80-19 (교동),True,False
2608508,전주,취락당,숙박 > 펜션/민박 > 한옥스테이,전북특별자치도 전주시 완산구 동문길 33-19,True,False
3438576,전주,테오리아,숙박 > 펜션/민박 > 한옥스테이,전북특별자치도 전주시 완산구 동문길 51-8 (풍남동1가),True,False
2696528,전주,토박이숙박,숙박 > 펜션/민박 > 한옥스테이,전북특별자치도 전주시 완산구 은행로 74-15,True,False
3438574,전주,풍류가옥,숙박 > 펜션/민박 > 한옥스테이,전북특별자치도 전주시 완산구 인봉1길 26 (중노송동),True,False
2628953,전주,하늘풍경,숙박 > 펜션/민박 > 한옥스테이,전북특별자치도 전주시 완산구 향교길 51-13,True,False
3102212,전주,한옥마을숙박 가인당,숙박 > 펜션/민박 > 한옥스테이,전북특별자치도 전주시 완산구 경기전길 165-9 (교동),True,False
2046299,전주,한옥이야기,숙박 > 펜션/민박 > 한옥스테이,전북특별자치도 전주시 완산구 은행로 83-14,True,False
4070358,전주,호메오,숙박 > 펜션/민박 > 한옥스테이,전북특별자치도 전주시 완산구 전라감영2길 9-1 (다가동1가),True,False
2621320,전주,휴,숙박 > 호스텔 > 게스트하우스,전북특별자치도 전주시 완산구 전주천동로 80-15,True,False
2609878,전주,흥부가(家),숙박 > 펜션/민박 > 한옥스테이,전북특별자치도 전주시 완산구 태조로 26-34,True,False
1362194,정선,하이원리조트,문화관광 > 복합관광시설 > 리조트,강원특별자치도 정선군 고한읍 하이원길 424,True,False
2589656,정선,파크로쉬 리조트앤웰니스(PARK ROCHE Resort&Wellness),숙박 > 호텔 > 호텔,강원특별자치도 정선군 북평면 중봉길 9-12,True,False
143034,정선,하이원 그랜드호텔,숙박 > 호텔 > 호텔,강원특별자치도 정선군 사북읍 하이원길 265,True,False
800741,정선,하이원 팰리스호텔,숙박 > 호텔 > 호텔,강원특별자치도 정선군 고한읍 고한7길 399,True,False
3090884,정선,하이원그랜드호텔 컨벤션타워,숙박 > 호텔 > 호텔,강원특별자치도 정선군 사북읍 하이원길 265,True,False
139224,정선,갤럭시 모텔,숙박 > 모텔 > 모텔,강원특별자치도 정선군 사북읍 소금강로 3489,True,False
582215,정선,가리왕산이야기 펜션,숙박 > 펜션/민박 > 펜션,강원특별자치도 정선군 정선읍 청량길 32,True,False
2398168,정선,강과 소나무,숙박 > 펜션/민박 > 펜션,강원특별자치도 정선군 북평면 졸드루길 31-57,True,False
625851,정선,도원펜션,숙박 > 펜션/민박 > 펜션,강원특별자치도 정선군 북평면 어도원길 165,True,False
2711378,정선,마을호텔18번가,숙박 > 호텔 > 호텔,강원특별자치도 정선군 고한읍 고한2길 36,True,False
2570601,정선,모래불 펜션(모래불 스테이),숙박 > 펜션/민박 > 펜션,강원특별자치도 정선군 여량면 송천길 2-51,True,False
2711375,정선,백두대간 약초나라 펜션,숙박 > 펜션/민박 > 펜션,강원특별자치도 정선군 임계면 눈꽃마을길 178-37,True,False
1972030,정선,상유재,숙박 > 펜션/민박 > 한옥스테이,강원특별자치도 정선군 정선읍 봉양3길 22-8,True,False
138984,정선,스타호텔,숙박 > 모텔 > 모텔,강원특별자치도 정선군 사북읍 사북1길 27,True,False
139222,정선,코코펜션,숙박 > 펜션/민박 > 펜션,강원특별자치도 정선군 사북읍 소금강로 3576,True,False
659010,정선,하이랜드호텔,숙박 > 호텔 > 호텔,강원특별자치도 정선군 고한읍 고한로 26,True,False
138965,정선,하이원콘도(마운틴콘도 / 밸리콘도 / 힐콘도),숙박 > 콘도미니엄 > 콘도,강원특별자치도 정선군 고한읍 하이원길 265-1,True,False
139214,정선,흙과소나무,숙박 > 펜션/민박 > 펜션,강원특별자치도 정선군 남면 자뭇골길 137-12,True,False
1884303,정선,스마트호텔,숙박 > 모텔 > 모텔,강원특별자치도 정선군 사북읍 사북1길 42-4,True,False
232287,제주,소노벨 제주,숙박 > 콘도미니엄 > 콘도,제주특별자치도 제주시 신북로 577 대명리조트,True,False
2876795,제주,그랜드 하얏트 제주,숙박 > 호텔 > 호텔,제주특별자치도 제주시 노연로 12 (노형동),True,False
2948165,제주,에코랜드 호텔,숙박 > 호텔 > 호텔,제주특별자치도 제주시 번영로 1278-169,True,False
1981890,제주,베니키아 호텔 제주,숙박 > 호텔 > 호텔,제주특별자치도 제주시 애월읍 애월해안로 554-6,True,False
138195,제주,한화리조트 제주,문화관광 > 복합관광시설 > 리조트,제주특별자치도 제주시 명림로 575-107,True,False
2796937,제주,제주드림타워 복합리조트,문화관광 > 복합관광시설 > 리조트,제주특별자치도 제주시 노연로 12 (노형동),True,False
984611,제주,라온호텔 앤 리조트,문화관광 > 복합관광시설 > 리조트,제주특별자치도 제주시 한림읍 금능남로 127,True,False
4058390,제주,신라스테이 플러스 이호테우,숙박 > 호텔 > 호텔,제주특별자치도 제주시 연대마을길 76 (외도이동),True,False
1403482,제주,오션스위츠 제주호텔,숙박 > 호텔 > 호텔,제주특별자치도 제주시 탑동해안로 74,True,False
2046954,제주,롯데시티호텔 제주,숙박 > 호텔 > 호텔,제주특별자치도 제주시 도령로 83,True,False
2605527,제주,에코그린리조트,문화관광 > 복합관광시설 > 리조트,제주특별자치도 제주시 한림읍 귀덕6길 94,True,False
3079932,제주,제주노블레스관광호텔,숙박 > 호텔 > 호텔,제주특별자치도 제주시 월성로4길 19 (용담이동),True,False
3089186,제주,글로스터호텔 제주,숙박 > 호텔 > 호텔,제주특별자치도 제주시 삼무로 57 (연동),True,False
2716736,제주,신라스테이 제주,숙박 > 호텔 > 호텔,제주특별자치도 제주시 노연로 100,True,False
142972,제주,제주 오리엔탈 호텔,숙박 > 호텔 > 호텔,제주특별자치도 제주시 탑동로 47,True,False
2918447,제주,다인오세아노 호텔,숙박 > 호텔 > 호텔,제주특별자치도 제주시 애월읍 애월해안로 394,True,False
660876,제주,다인리조트,숙박 > 펜션/민박 > 펜션,제주특별자치도 제주시 애월읍 애월해안로 400-9,True,False
3090896,제주,더스테이센추리호텔,숙박 > 호텔 > 호텔,제주특별자치도 제주시 애월읍 일주서로 7113,True,False
3079965,제주,탑스텐 빌라드 애월 제주,숙박 > 호텔 > 호텔,제주특별자치도 제주시 애월읍 애월해안로 516-7,True,False
3089169,제주,호텔스위트캐슬,숙박 > 호텔 > 호텔,제주특별자치도 제주시 조천읍 신북로 443,True,False
3089161,제주,호텔컬리넌 제주,숙박 > 호텔 > 호텔,제주특별자치도 제주시 사장1길 26 (연동),True,False
3079917,제주,팜파스호텔 제주,숙박 > 호텔 > 호텔,제주특별자치도 제주시 서해안로 368-3 (용담삼동),True,False
3084957,제주,리치호텔,숙박 > 호텔 > 호텔,제주특별자치도 제주시 애월읍 고내로13길 100,True,False
983958,제주,엘리시안 제주,숙박 > 콘도미니엄 > 콘도,제주특별자치도 제주시 애월읍 평화로 1738-116,True,False
3079994,제주,MJ리조트,숙박 > 콘도미니엄 > 콘도,제주특별자치도 제주시 구좌읍 해맞이해안로 1651,True,False
136453,제주,썬랜드 호텔,숙박 > 호텔 > 호텔,제주특별자치도 제주시 신광로 92,True,False
137814,제주,제주 금강산콘도,숙박 > 콘도미니엄 > 콘도,제주특별자치도 제주시 한림읍 협재로 210-18,True,False
3079952,제주,제주서우봉비치호텔,숙박 > 호텔 > 호텔,제주특별자치도 제주시 조천읍 함덕6길 10,True,False
137476,제주,토비스콘도 제주,숙박 > 콘도미니엄 > 콘도,제주특별자치도 제주시 애월읍 애월로1길 8,True,False
735781,제주,꼬뜨도르 호텔,숙박 > 콘도미니엄 > 콘도,제주특별자치도 제주시 구좌읍 일주동로 1724,True,False
3079902,제주,샐리스제주호텔,숙박 > 호텔 > 호텔,제주특별자치도 제주시 애월읍 고내로 46,True,False
142970,제주,제주팔레스호텔,숙박 > 호텔 > 호텔,제주특별자치도 제주시 탑동로 9,True,False
142943,제주,제주 퍼시픽 호텔,숙박 > 호텔 > 호텔,제주특별자치도 제주시 서사로 20,True,False
138597,제주,그림리조트,숙박 > 펜션/민박 > 펜션,제주특별자치도 제주시 서해안로 620-1,True,False
735314,제주,까델아스,숙박 > 펜션/민박 > 펜션,제주특별자치도 제주시 애월읍 신엄9길 46,True,False
1869305,제주,나.미.송,숙박 > 펜션/민박 > 펜션,제주특별자치도 제주시 애월읍 평화로 2476-10,True,False
824811,제주,늘송파크텔,숙박 > 모텔 > 모텔,제주특별자치도 제주시 원노형5길 22 (노형동),True,False
2801985,제주,다람쥐민박,숙박 > 펜션/민박 > 농어촌민박,제주특별자치도 제주시 조천읍 함덕14길 20-2,True,False
2358196,제주,동박생이,숙박 > 펜션/민박 > 펜션,제주특별자치도 제주시 구좌읍 월정1길 89,True,False
935073,제주,라헨느리조트,문화관광 > 복합관광시설 > 리조트,제주특별자치도 제주시 명림로 384,True,False
139860,제주,마레보 비치호텔,숙박 > 호텔 > 호텔,제주특별자치도 제주시 곽지1길 23 마레보비치호텔,True,False
142957,제주,메종 글래드 제주,숙박 > 호텔 > 호텔,제주특별자치도 제주시 노연로 80,True,False
2991120,제주,물결그림,숙박 > 펜션/민박 > 펜션,제주특별자치도 제주시 조천읍 함덕5길 8-7,True,False
1853848,제주,바다하우스,숙박 > 펜션/민박 > 펜션,제주특별자치도 제주시 애월읍 애월해안로 218,True,False
2718006,제주,벤티모 호텔 앤 레지던스 제주,숙박 > 호텔 > 호텔,제주특별자치도 제주시 연삼로 14 (연동),True,False
2766781,제주,비스타리조트,문화관광 > 복합관광시설 > 리조트,제주특별자치도 제주시 서해안로 74 (이호일동),True,False
139008,제주,비치스토리호텔,숙박 > 호텔 > 호텔,제주특별자치도 제주시 조천읍 조함해안로 492-5,True,False
2869085,제주,삼일삼오,숙박 > 펜션/민박 > 농어촌민박,제주특별자치도 제주시 구좌읍 해맞이해안로 1542-4,True,False
3487794,제주,선셋티아,숙박 > 펜션/민박 > 펜션,제주특별자치도 제주시 조천읍 선흘남4길 31,True,False
3080046,제주,수앤수리조트&호텔,숙박 > 콘도미니엄 > 콘도,제주특별자치도 제주시 애월읍 부룡수길 60,True,False
143036,제주,스타즈호텔 헤리티지,숙박 > 호텔 > 호텔,제주특별자치도 제주시 관덕로 26 (삼도이동),True,False
2814168,제주,스테리나잇 제주,숙박 > 펜션/민박 > 펜션,제주특별자치도 제주시 애월로 37,True,False
3084988,제주,아덴힐리조트&골프,숙박 > 콘도미니엄 > 콘도,제주특별자치도 제주시 한림읍 화전길 82,True,False
3080382,제주,아이미제주비치호텔 함덕,숙박 > 호텔 > 호텔,제주특별자치도 제주시 조천읍 조함해안로 474,True,False
977101,제주,애월해안누리(구 하얀둥지),숙박 > 펜션/민박 > 펜션,제주특별자치도 제주시 애월읍 애월해안로 298,True,False
3089195,제주,어반아일랜드호텔,숙박 > 호텔 > 호텔,제주특별자치도 제주시 삼무로 76 (연동),True,False
2594519,제주,엘린호텔,숙박 > 호텔 > 호텔,제주특별자치도 제주시 은남1길 4 (연동),True,False
143120,제주,오션그랜드호텔제주,숙박 > 호텔 > 호텔,제주특별자치도 제주시 조천읍 조함해안로 490,True,False
4094553,제주,용오름stay,숙박 > 호스텔 > 게스트하우스,제주특별자치도 제주시 한림읍 일주서로 5834,True,False
3079973,제주,일성리조트 제주비치,숙박 > 콘도미니엄 > 콘도,제주특별자치도 제주시 한림읍 한림로 127,True,False
1932636,제주,제주 메이플호텔,숙박 > 호텔 > 호텔,제주특별자치도 제주시 원노형3길 41 메이플호텔,True,False
984523,제주,제주 블랙스톤,숙박 > 호텔 > 호텔,제주특별자치도 제주시 한림읍 한창로 925-122,True,False
2931723,제주,제주901,숙박 > 펜션/민박 > 농어촌민박,제주특별자치도 제주시 1100로 2977-10 (노형동),True,False
142968,제주,제주로얄호텔,숙박 > 호텔 > 호텔,제주특별자치도 제주시 신대로12길 45,True,False
2556500,제주,제주마중,숙박 > 펜션/민박 > 펜션,제주특별자치도 제주시 한림읍 금능9길 10-1,True,False
2019719,제주,제주알(R)호텔,숙박 > 모텔 > 모텔,제주특별자치도 제주시 서광로14길 5,True,False
1821483,제주,제주올레하우스,숙박 > 펜션/민박 > 펜션,제주특별자치도 제주시 구좌읍 덕행로 450-23,True,False
2405466,제주,카이로스,숙박 > 펜션/민박 > 펜션,제주특별자치도 제주시 애월읍 장유길 49-43,True,False
984562,제주,타미우스골프&빌리지,숙박 > 콘도미니엄 > 콘도,제주특별자치도 제주시 애월읍 화전길 201,True,False
2623579,제주,틸다하우스,숙박 > 펜션/민박 > 펜션,제주특별자치도 제주시 한경면 중산간서로 3367-1,True,False
142976,제주,펄호텔제주,숙박 > 호텔 > 호텔,제주특별자치도 제주시 신대로20길 49,True,False
1887546,제주,프레리아 커플 독채펜션,숙박 > 펜션/민박 > 펜션,제주특별자치도 제주시 애월읍 유수암평화5길 34-29,True,False
1979715,제주,호텔레오,숙박 > 호텔 > 호텔,제주특별자치도 제주시 삼무로 14 (연동),True,False
2411625,제주,호텔리젠트마린 제주,숙박 > 호텔 > 호텔,제주특별자치도 제주시 서부두2길 20,True,False
2940391,제주,광이멀스테이,숙박 > 펜션/민박 > 펜션,제주특별자치도 제주시 월각로 151,True,False
2917270,제주,그라벨호텔,숙박 > 호텔 > 호텔,제주특별자치도 제주시 일주서로 7316 (외도일동),True,False
4017092,제주,금배네민박,숙박 > 펜션/민박 > 농어촌민박,제주특별자치도 제주시 구좌읍 월정5길 18-11,True,False
2626055,제주,나이스호텔,숙박 > 호스텔 > 게스트하우스,제주특별자치도 제주시 논세길 96-38,True,False
2406368,제주,더럭펜션,숙박 > 펜션/민박 > 펜션,제주특별자치도 제주시 애월읍 상가북2길 14-3,True,False
3079939,제주,라마다제주함덕호텔,숙박 > 호텔 > 호텔,제주특별자치도 제주시 조천읍 신북로 470,True,False
2699343,제주,솔트,숙박 > 호스텔 > 게스트하우스,제주특별자치도 제주시 애월읍 애월해안로 226,True,False
2667498,제주,에덴호스텔,숙박 > 호스텔 > 게스트하우스,제주특별자치도 제주시 서해안로 456-12,True,False
2623827,제주,엠버리조트,숙박 > 호스텔 > 게스트하우스,제주특별자치도 제주시 1100로 2671-51,True,False
3102129,제주,연월한옥,숙박 > 펜션/민박 > 한옥스테이,제주특별자치도 제주시 한경면 녹차분재로 505,True,False
905600,제주,제주 뉴오션리조트,숙박 > 펜션/민박 > 펜션,제주특별자치도 제주시 애월읍 고내로13길 59,True,False
906173,제주,제주 씨에코비치,숙박 > 펜션/민박 > 펜션,제주특별자치도 제주시 조천읍 신흥관전길 89-5,True,False
2667643,제주,카이 호스텔,숙박 > 호스텔 > 게스트하우스,제주특별자치도 제주시 한림읍 협재2길 10,True,False
137368,제주,켄싱턴리조트 제주한림,문화관광 > 복합관광시설 > 리조트,제주특별자치도 제주시 한림읍 한림해안로 530,True,False
1898255,제주,호텔제이엠,숙박 > 모텔 > 모텔,제주특별자치도 제주시 삼무로1길 10-7,True,False
137486,제천,클럽이에스제천리조트,문화관광 > 복합관광시설 > 리조트,충청북도 제천시 수산면 옥순봉로 1248,True,False
949690,제천,더존펜션,숙박 > 펜션/민박 > 펜션,충청북도 제천시 덕산면 월악산로 712,True,False
907780,제천,드림레이크 펜션,숙박 > 펜션/민박 > 펜션,충청북도 제천시 청풍면 청풍호로42길 53-2,True,False
1161739,제천,리솜포레스트(제천),숙박 > 콘도미니엄 > 콘도,충청북도 제천시 백운면 금봉로 365,True,False
770346,제천,명암산채건강마을,숙박 > 펜션/민박 > 펜션,충청북도 제천시 봉양읍 명암로 574,True,False
138352,제천,블루밍데이즈펜션,숙박 > 펜션/민박 > 펜션,충청북도 제천시 금성면 청풍호로 1511,True,False
2814171,제천,엽연초하우스,숙박 > 호스텔 > 게스트하우스,충청북도 제천시 의병대로12길 8,True,False
137497,제천,월악산 유스호스텔,숙박 > 호스텔 > 유스호스텔,충청북도 제천시 한수면 월악로 1372,True,False
397752,제천,월악펜션빌,숙박 > 펜션/민박 > 펜션,충청북도 제천시 한수면 미륵송계로3길 46-23,True,False
2378813,제천,청풍게스트하우스,숙박 > 모텔 > 모텔,충청북도 제천시 의림대로6길 5,True,False
137920,제천,이른아침호숫가펜션,숙박 > 펜션/민박 > 펜션,충청북도 제천시 청풍면 청풍호로42길 53-15,True,False
2662935,진도,쏠비치 진도,문화관광 > 복합관광시설 > 리조트,전남광주통합특별시 진도군 의신면 송군길 30-40,True,False
2531675,진도,진도한옥펜션,숙박 > 펜션/민박 > 한옥스테이,전남광주통합특별시 진도군 의신면 진도대로 3146-3,True,False
3511367,진도,골드마운틴하우스 (유한회사진도휴식),숙박 > 펜션/민박 > 펜션,전남광주통합특별시 진도군 고군면 원포길 226,True,False
1933610,진도,진도 가휴재,숙박 > 펜션/민박 > 펜션,전남광주통합특별시 진도군 임회면 아리랑길 6-10,True,False
137315,진도,태평모텔,숙박 > 모텔 > 모텔,전남광주통합특별시 진도군 진도읍 남동1길 65,True,False
3102222,진도,진도하루,숙박 > 펜션/민박 > 펜션,전남광주통합특별시 진도군 의신면 만길안길 51-17,True,False
139916,진안,데미샘큰바위펜션,숙박 > 펜션/민박 > 펜션,전북특별자치도 진안군 백운면 백장로 407,True,False
1632474,진안,화이트모텔,숙박 > 모텔 > 모텔,전북특별자치도 진안군 주천면 동상주천로 1648,True,False
2664597,진주,골든튤립 호텔 남강,숙박 > 호텔 > 호텔,경상남도 진주시 남강로673번길 16 골든튤립에센셜 남강,True,False
1365352,진주,동방관광호텔,숙박 > 호텔 > 호텔,경상남도 진주시 논개길 103,True,False
138701,진주,언덕위에 하얀집,숙박 > 펜션/민박 > 펜션,경상남도 진주시 대평면 호반로 414-23,True,False
3081232,진주,골든비즈니스호텔,숙박 > 호텔 > 호텔,경상남도 진주시 에나로 101 (충무공동),True,False
2804300,진주,뉴라온스테이,숙박 > 호텔 > 호텔,경상남도 진주시 영천강로 166 라온 스테이 인 페를라 2차,True,False
1365261,진주,달강,숙박 > 펜션/민박 > 펜션,경상남도 진주시 대평면 호반로 405,True,False
1746376,진주,솜누스,숙박 > 모텔 > 모텔,경상남도 진주시 논개길 53,True,False
2804309,진주,주식회사제이스퀘어호텔,숙박 > 호텔 > 호텔,경상남도 진주시 솔밭로 107,True,False
2604348,진주,GuestH(진주게스트하우스_GuestH),숙박 > 호스텔 > 게스트하우스,경상남도 진주시 모덕로64번길 9,True,False
142902,창녕,부곡 로얄관광호텔,숙박 > 호텔 > 호텔,경상남도 창녕군 부곡면 온천중앙로 3,True,False
2980473,창녕,키즈스테이호텔 인 부곡,숙박 > 모텔 > 모텔,경상남도 창녕군 온천2길 48,True,False
3075684,창녕,부곡스파디움 따오기호텔,숙박 > 호텔 > 호텔,경상남도 창녕군 부곡면 온천중앙로 42,True,False
3075690,창녕,크라운호텔,숙박 > 호텔 > 호텔,경상남도 창녕군 부곡면 온천로 634-13,True,False
1979782,창녕,우포5마일,숙박 > 펜션/민박 > 펜션,경상남도 창녕군 이방면 우포2로 213-7,True,False
2484080,창녕,우포유스호스텔,숙박 > 호스텔 > 유스호스텔,경상남도 창녕군 이방면 우포2로 330,True,False
136211,창녕,일성부곡온천콘도&리조트,문화관광 > 복합관광시설 > 리조트,경상남도 창녕군 부곡면 온천로 594,True,False
142909,창녕,화왕산스파호텔,숙박 > 호텔 > 호텔,경상남도 창녕군 부곡면 온천1길 3,True,False
2577128,창원,베스트루이스해밀턴호텔 창원점,숙박 > 호텔 > 호텔,경상남도 창원시 성산구 마디미로70번길 10,True,False
2577024,창원,(주)마산관광호텔,숙박 > 호텔 > 호텔,경상남도 창원시 마산합포구 수산1길 285,True,False
2811449,창원,AT비지니스호텔,숙박 > 호텔 > 호텔,경상남도 창원시 성산구 용지로 102 개나리종합상가,True,False
620794,창원,그랜드 머큐어 앰배서더 창원,숙박 > 호텔 > 호텔,경상남도 창원시 성산구 원이대로 332,True,False
2618541,창원,까미노(Camino) bnb,숙박 > 호스텔 > 게스트하우스,경상남도 창원시 성산구 반송로81번길 37,True,False
143043,창원,크라운관광호텔,숙박 > 호텔 > 호텔,경상남도 창원시 의창구 창원대로363번길 22-5 (팔용동),True,False
2577308,창원,호텔 에비뉴,숙박 > 호텔 > 호텔,경상남도 창원시 의창구 용지로169번길 5,True,False
2651718,창원,호텔385,숙박 > 호텔 > 호텔,경상남도 창원시 진해구 충장로82번길 15,True,False
142879,창원,호텔인터내셔널,숙박 > 호텔 > 호텔,경상남도 창원시 성산구 중앙대로 69,True,False
2577053,창원,(주)올림픽호텔,숙박 > 호텔 > 호텔,경상남도 창원시 성산구 중앙대로 81,True,False
2600730,창원,게스트하우스 리좀,숙박 > 호스텔 > 게스트하우스,경상남도 창원시 마산합포구 동서북14길 24,True,False
816762,창원,북면황토방온천장,숙박 > 모텔 > 모텔,경상남도 창원시 의창구 북면 천주로1170번길 17-10,True,False
2604028,창원,스페이스 우분투,숙박 > 호스텔 > 게스트하우스,경상남도 창원시 진해구 여명로 29-1,True,False
2577286,창원,아모르관광호텔,숙박 > 호텔 > 호텔,경상남도 창원시 진해구 명제로472번길 17 (제덕동),True,False
2577304,창원,아몬드관광호텔,숙박 > 호텔 > 호텔,경상남도 창원시 마산합포구 월영동11길 19 (해운동),True,False
2775632,천안,소노벨 천안,숙박 > 콘도미니엄 > 콘도,충청남도 천안시 동남구 성남면 소노로 1,True,False
2717354,천안,신라스테이 천안,숙박 > 호텔 > 호텔,충청남도 천안시 서북구 동서대로 177,True,False
2595037,천안,오엔시티호텔,숙박 > 모텔 > 모텔,충청남도 천안시 서북구 불당4로 105 (불당동),True,False
3074862,천안,자자호텔,숙박 > 모텔 > 모텔,충청남도 천안시 서북구 성정공원5로 60 (성정동),True,False
3046233,천안,브라운도트 천안성정점,숙박 > 모텔 > 모텔,충청남도 천안시 서북구 성정공원4길 28 (성정동),True,False
138819,천안,산울림펜션,숙박 > 펜션/민박 > 펜션,충청남도 천안시 동남구 목천읍 덕전1길 171,True,False
3090665,천안,슈바이처도르프호텔,숙박 > 호텔 > 호텔,충청남도 천안시 서북구 성정공원5로 42 (성정동),True,False
2534236,천안,어반스테이플러스,숙박 > 모텔 > 모텔,충청남도 천안시 서북구 성정공원4길 31 (성정동),True,False
138820,천안,에벤에셀 펜션,숙박 > 펜션/민박 > 펜션,충청남도 천안시 동남구 북면 위례성로 1434-24,True,False
139563,천안,천안메트로관광호텔,숙박 > 호텔 > 호텔,충청남도 천안시 동남구 대흥로 241-11,True,False
1491968,천안,천안베니키아호텔,숙박 > 모텔 > 모텔,충청남도 천안시 서북구 양지21길 42,True,False
397625,천안,천안상록 유스호스텔,숙박 > 호스텔 > 유스호스텔,충청남도 천안시 동남구 수신면 수신로 576,True,False
2775590,천안,탑클라우드 천안점,숙박 > 호텔 > 호텔,충청남도 천안시 동남구 서부역6길 3 (봉명동),True,False
602420,철원,한탄리버스파호텔,숙박 > 호텔 > 호텔,강원특별자치도 철원군 동송읍 태봉로 1799-22,True,False
626378,철원,대명관광호텔,숙박 > 모텔 > 모텔,강원특별자치도 철원군 서면 와수로181번길 15,False,False
626319,철원,꿈의궁전모텔,숙박 > 모텔 > 모텔,강원특별자치도 철원군 서면 와수1로 7,True,False
560988,철원,노스텔지아 펜션,숙박 > 펜션/민박 > 펜션,강원특별자치도 철원군 동송읍 한탄강길 189,True,False
563322,철원,늘푸른 펜션,숙박 > 펜션/민박 > 펜션,강원특별자치도 철원군 동송읍 태봉로 1831-16,True,False
563186,철원,마운틴밸리 펜션,숙박 > 펜션/민박 > 펜션,강원특별자치도 철원군 동송읍 담터길 174-1,True,False
555412,철원,바위샘펜션,숙박 > 펜션/민박 > 펜션,강원특별자치도 철원군 갈말읍 두루미로 244,True,False
560011,철원,별이든 샘 펜션,숙박 > 펜션/민박 > 펜션,강원특별자치도 철원군 동송읍 창동로 2297,True,False
562299,철원,별헤는밤,숙박 > 펜션/민박 > 펜션,강원특별자치도 철원군 동송읍 담터길 164,True,False
562354,철원,오벨리스크,숙박 > 펜션/민박 > 펜션,강원특별자치도 철원군 동송읍 태봉대교길 139,True,False
138214,철원,하늘마루 펜션,숙박 > 펜션/민박 > 펜션,강원특별자치도 철원군 동송읍 창동로 2395,True,False
562923,철원,한탄강 디퍼펜션,숙박 > 펜션/민박 > 펜션,강원특별자치도 철원군 동송읍 태봉대교길 140-1,True,False
2814161,청도,청도굿스파키즈풀빌라,숙박 > 펜션/민박 > 펜션,경상북도 청도군 대전칠엽신길 82-60,True,False
2708672,청도,프레쉬 힐,숙박 > 호텔 > 호텔,경상북도 청도군 운문면 운문사길 129-15,True,False
3532760,청도,고립낙원,숙박 > 펜션/민박 > 펜션,경상북도 청도군 풍각면 차산길 9-21,True,False
2692190,청도,더 포레 관광펜션,숙박 > 펜션/민박 > 펜션,경상북도 청도군 각남면 구곡1길 66-32,True,False
2629570,청도,새마을 시대촌,숙박 > 펜션/민박 > 한옥스테이,경상북도 청도군 청도읍 새마을1길 72,True,False
2770765,청송,소노벨 청송,숙박 > 콘도미니엄 > 콘도,경상북도 청송군 주왕산면 소노로 38,True,False
1992543,청송,송정고택,숙박 > 펜션/민박 > 한옥스테이,경상북도 청송군 파천면 송소고택길 15-1,True,False
1997639,청송,찰방공종택,숙박 > 펜션/민박 > 한옥스테이,경상북도 청송군 파천면 송소고택길 23-8,True,False
1883758,청송,창실고택,숙박 > 펜션/민박 > 한옥스테이,경상북도 청송군 파천면 송소고택길 39,True,False
2624013,청송,별동산달빛아래,숙박 > 펜션/민박 > 한옥스테이,경상북도 청송군 파천면 송소고택길 45-12,True,False
2598985,청송,초전고택,숙박 > 펜션/민박 > 한옥스테이,경상북도 청송군 파천면 송소고택길 35-3,True,False
1749131,청양,호텔칠갑산샬레,숙박 > 모텔 > 모텔,충청남도 청양군 대치면 한티고개길 57,False,False
2708657,청주,초정행궁,숙박 > 펜션/민박 > 한옥스테이,충청북도 청주시 청원구 내수읍 초정약수로 851,True,False
2917201,청주,부티크호텔 지,숙박 > 호텔 > 호텔,충청북도 청주시 청원구 1순환로 166 (율량동),True,False
2707444,청주,가영당,숙박 > 펜션/민박 > 한옥스테이,충청북도 청주시 청원구 오창읍 미래지로 71-54,True,False
143065,청주,뉴베라관광호텔,숙박 > 호텔 > 호텔,충청북도 청주시 흥덕구 풍년로193번길 32,True,False
2946378,청주,더리버에스 풀빌라,숙박 > 펜션/민박 > 농어촌민박,충청북도 청주시 상당구 옥화2길 13-29,True,False
2843606,청주,메리제인호텔,숙박 > 모텔 > 모텔,충청북도 청주시 흥덕구 짐대로72번길 13,True,False
1992755,청주,엔포트호텔,숙박 > 호텔 > 호텔,충청북도 청주시 청원구 충청대로 114,True,False
2903750,청주,오송 H호텔 세종시티,숙박 > 호텔 > 호텔,충청북도 청주시 흥덕구 오송읍 오송생명로 178,True,False
2769822,청주,이티성 풀빌라,숙박 > 펜션/민박 > 펜션,충청북도 청주시 상당구 미원면 미원초정로 986,True,False
3398680,청주,한옥솔솔펜션,숙박 > 펜션/민박 > 농어촌민박,충청북도 청주시 청원구 오창읍 미래지로 71-53,True,False
2681174,청주,고선재,숙박 > 펜션/민박 > 한옥스테이,충청북도 청주시 상당구 남일면 윗고분터길 33-15,True,False
3101960,청주,한옥스테이 연,숙박 > 펜션/민박 > 한옥스테이,충청북도 청주시 청원구 오창읍 미래지로 71-67,True,False
4070357,청주,한옥온온,숙박 > 펜션/민박 > 한옥스테이,충청북도 청주시 청원구 오창읍 미래지로 71-61,True,False
3075962,청주,호텔루비노,숙박 > 모텔 > 모텔,충청북도 청주시 흥덕구 짐대로 62 (복대동),True,False
2804265,춘천,더잭슨나인스호텔,숙박 > 호텔 > 호텔,강원특별자치도 춘천시 중앙로 193 더잭슨나인스호텔,True,False
3545271,춘천,더베네치아스위트,숙박 > 호텔 > 호텔,강원특별자치도 춘천시 효자로 136 (효자동),True,False
2907760,춘천,봄스테이,숙박 > 호텔 > 호텔,강원특별자치도 춘천시 남춘로36번길 4 (효자동),True,False
3044527,춘천,넘버25 호텔 남춘천점,숙박 > 모텔 > 모텔,강원특별자치도 춘천시 효석로9번길 17 (효자동),True,False
2907487,춘천,호텔공지천,숙박 > 호텔 > 호텔,강원특별자치도 춘천시 수변공원길 11 (삼천동),True,False
627386,춘천,테마모텔,숙박 > 모텔 > 모텔,강원특별자치도 춘천시 방송길36번길 73-10,True,False
2907740,춘천,남이섬 설리조트,숙박 > 펜션/민박 > 펜션,강원특별자치도 춘천시 서백길 707-4,True,False
2707068,춘천,로하스테이,숙박 > 호스텔 > 게스트하우스,강원특별자치도 춘천시 서면 덕두원길 12,True,False
3044557,춘천,리버사이드호텔,숙박 > 호텔 > 호텔,강원특별자치도 춘천시 신북읍 신샘밭로 745,True,False
1853002,춘천,수하늘펜션,숙박 > 펜션/민박 > 펜션,강원특별자치도 춘천시 남면 박암관천길 93-7,True,False
690998,춘천,숲속의강촌,숙박 > 펜션/민박 > 펜션,강원특별자치도 춘천시 남산면 강촌로 186-3,True,False
142813,춘천,춘천세종호텔,숙박 > 호텔 > 호텔,강원특별자치도 춘천시 봉의산길 31,True,False
2826777,춘천,춘천일기스테이,숙박 > 펜션/민박 > 농어촌민박,강원특별자치도 춘천시 중앙로27번길 9-1 (옥천동),True,False
2708678,춘천,케이티엔지(KT&G) 상상마당춘천스테이,숙박 > 호텔 > 호텔,강원특별자치도 춘천시 스포츠타운길399번길 22,True,False
2557959,춘천,호텔정관루별관(콘도별장),숙박 > 콘도미니엄 > 콘도,강원특별자치도 춘천시 남이섬길 1 남이섬,True,False
619211,춘천,호텔정관루본관,숙박 > 펜션/민박 > 펜션,강원특별자치도 춘천시 남이섬길 1 남이섬,True,False
1802452,춘천,강촌 더블유 펜션,숙박 > 펜션/민박 > 펜션,강원특별자치도 춘천시 남산면 강촌로 143,True,False
3532992,춘천,교동스테이,숙박 > 호스텔 > 게스트하우스,강원특별자치도 춘천시 교동길 59-7 (교동),True,False
3438567,춘천,스테이 자하,숙박 > 펜션/민박 > 한옥스테이,강원특별자치도 춘천시 소양로211번길 16-1 (근화동),True,False
3532907,춘천,스테이다래,숙박 > 펜션/민박 > 펜션,강원특별자치도 춘천시 신북읍 샘뜨락길 32,True,False
3532950,춘천,유류헌,숙박 > 펜션/민박 > 한옥스테이,강원특별자치도 춘천시 춘천로269번길 19-6 (후평동),True,False
3469978,춘천,호연담,숙박 > 펜션/민박 > 한옥스테이,강원특별자치도 춘천시 우수산길 36-3 (우두동),True,False
142840,충주,수안보상록호텔,숙박 > 호텔 > 호텔,충청북도 충주시 수안보면 주정산로 22,True,False
136642,충주,켄싱턴리조트 충주,숙박 > 콘도미니엄 > 콘도,충청북도 충주시 앙성면 산전장수1길 103,True,False
142833,충주,수안보파크호텔,숙박 > 호텔 > 호텔,충청북도 충주시 수안보면 탑골1길 36,True,False
3383407,충주,유원재,숙박 > 콘도미니엄 > 레지던스,충청북도 충주시 수안보면 주정산로 6,True,False
142839,충주,호텔 더베이스,숙박 > 호텔 > 호텔,충청북도 충주시 호암대로 8,True,False
397744,충주,뜰이야기 펜션(구 웰빙펜션),숙박 > 펜션/민박 > 펜션,충청북도 충주시 중앙탑면 수룡봉황길 526,True,False
139880,충주,주봉산펜션,숙박 > 펜션/민박 > 펜션,충청북도 충주시 동량면 미라실로 662,True,False
143161,충주,충주그랜드관광호텔,숙박 > 호텔 > 호텔,충청북도 충주시 중원대로 3496,True,False
1840051,충주,펜션 델라하우스,숙박 > 펜션/민박 > 펜션,충청북도 충주시 앙성면 하너미로 532-13,True,False
2014599,충주,한국보훈복지의료공단 보훈휴양원,숙박 > 콘도미니엄 > 콘도,충청북도 충주시 중앙탑면 수룡봉황길 553-17,True,False
397745,충주,호수위의 하루,숙박 > 펜션/민박 > 펜션,충청북도 충주시 중앙탑면 반천안길 63,True,False
821578,충주,호텔 필림37.2,숙박 > 호텔 > 호텔,충청북도 충주시 연원로 17 (연수동),True,False
3532989,충주,예선재,숙박 > 펜션/민박 > 한옥스테이,충청북도 충주시 거룡2길 48-9 (용산동),True,False
3415124,태백,태백호텔,숙박 > 콘도미니엄 > 레지던스,강원특별자치도 태백시 태백산로 4761 (소도동),True,False
681455,태백,이지스모텔,숙박 > 모텔 > 모텔,강원특별자치도 태백시 서황지로 88,False,False
3044531,태백,동아호텔,숙박 > 모텔 > 모텔,강원특별자치도 태백시 먹거리길 36 (황지동),True,False
681597,태백,알프스모텔,숙박 > 모텔 > 모텔,강원특별자치도 태백시 서황지로 16-11,False,False
1884057,태백,태백산 한옥펜션,숙박 > 펜션/민박 > 한옥스테이,강원특별자치도 태백시 소롯골길 34,True,False
681618,태백,패스텔모텔,숙박 > 모텔 > 모텔,강원특별자치도 태백시 서황지로 16-8 (황지동),True,False
2668701,태안,아일랜드 리솜,숙박 > 콘도미니엄 > 콘도,충청남도 태안군 안면읍 꽃지해안로 204,True,False
1003654,태안,태안 서초휴양소,숙박 > 호스텔 > 유스호스텔,충청남도 태안군 남면 안면대로 571-12,False,False
599618,태안,레피다리조트,문화관광 > 복합관광시설 > 리조트,충청남도 태안군 이원면 태포길 266,True,False
1327318,태안,안면도갤러리펜션,숙박 > 펜션/민박 > 펜션,충청남도 태안군 고남면 옷점길 147-102,True,False
1273630,태안,오투오션,숙박 > 펜션/민박 > 펜션,충청남도 태안군 이원면 원이로 2502-47,True,False
1836470,태안,베이브리즈가족호텔,숙박 > 모텔 > 모텔,충청남도 태안군 소원면 만리포2길 235-9,True,False
2623585,태안,별궁,숙박 > 펜션/민박 > 한옥스테이,충청남도 태안군 이원면 원이로 2492,True,False
397739,태안,산토리니 펜션,숙박 > 펜션/민박 > 펜션,충청남도 태안군 이원면 원이로 2771-138,True,False
908774,태안,마로니에펜션,숙박 > 펜션/민박 > 펜션,충청남도 태안군 원북면 신두해변길 135,True,False
642509,태안,백합펜션,숙박 > 펜션/민박 > 펜션,충청남도 태안군 남면 안면대로 1296-47,True,False
2775576,태안,리츠캐슬 리조트,문화관광 > 복합관광시설 > 리조트,충청남도 태안군 근흥면 마도길 188-8,True,False
1932645,태안,그람피하우스,숙박 > 콘도미니엄 > 레지던스,충청남도 태안군 남면 안면대로 1110-30,True,False
397714,태안,블루라군 펜션,숙박 > 펜션/민박 > 펜션,충청남도 태안군 이원면 원이로 2771-226,True,False
1273588,태안,숲속의바다펜션,숙박 > 펜션/민박 > 펜션,충청남도 태안군 이원면 원이로 2170-5,True,False
1932640,태안,제이드리조텔,숙박 > 모텔 > 모텔,충청남도 태안군 근흥면 신진도길 69,True,False
138502,태안,데네브펜션,숙박 > 펜션/민박 > 펜션,충청남도 태안군 남면 우운길 158-8,True,False
767174,태안,스타팰리스 펜션,숙박 > 펜션/민박 > 펜션,충청남도 태안군 남면 마검포길 273-9,True,False
708064,태안,해나지풀빌라,숙박 > 펜션/민박 > 펜션,충청남도 태안군 남면 진산1길 277-129,True,False
979642,태안,블루오션 리조트,문화관광 > 복합관광시설 > 리조트,충청남도 태안군 남면 몽산포길 161,True,False
642220,태안,엘도라도펜션,숙박 > 펜션/민박 > 펜션,충청남도 태안군 남면 마검포길 331,True,False
1271286,태안,레몬트리,숙박 > 펜션/민박 > 펜션,충청남도 태안군 고남면 구매길 56-9,True,False
610179,태안,마리솔펜션,숙박 > 펜션/민박 > 펜션,충청남도 태안군 남면 몽산포길 85,True,False
908266,태안,몰디브,숙박 > 펜션/민박 > 펜션,충청남도 태안군 안면읍 풍어제길 44-12,True,False
2434843,태안,몽산포정다운,숙박 > 모텔 > 모텔,충청남도 태안군 남면 몽대로 489,True,False
138325,태안,몽산포펜션,숙박 > 펜션/민박 > 펜션,충청남도 태안군 남면 달산포로 201-10,True,False
1276115,태안,밀라트,숙박 > 펜션/민박 > 펜션,충청남도 태안군 안면읍 꽃지2길 58-47,True,False
137991,태안,바다내음펜션,숙박 > 펜션/민박 > 펜션,충청남도 태안군 소원면 가락골길 44-8,True,False
138545,태안,바다햇살고운집,숙박 > 펜션/민박 > 펜션,충청남도 태안군 안면읍 방포1길 40-19,True,False
397718,태안,바닷길풍경펜션,숙박 > 펜션/민박 > 펜션,충청남도 태안군 남면 몽대로 464,True,False
707896,태안,밧개오션텔,숙박 > 펜션/민박 > 펜션,충청남도 태안군 안면읍 해안관광로 248,True,False
1998207,태안,비치콘도모텔,숙박 > 모텔 > 모텔,충청남도 태안군 근흥면 신진도길 4,True,False
1271632,태안,빅토리아펜션,숙박 > 펜션/민박 > 펜션,충청남도 태안군 고남면 큰장돌길 283-42,True,False
2575702,태안,소소,숙박 > 펜션/민박 > 펜션,충청남도 태안군 남면 안면대로 1296-36,True,False
707921,태안,솔그림펜션,숙박 > 펜션/민박 > 펜션,충청남도 태안군 근흥면 근흥로 1232-21,True,False
907563,태안,솔마루황토펜션,숙박 > 펜션/민박 > 펜션,충청남도 태안군 안면읍 여수해길 118-3,True,False
1281934,태안,솔뫼마을펜션,숙박 > 펜션/민박 > 펜션,충청남도 태안군 남면 몽산포길 126,True,False
1271725,태안,스카이블루,숙박 > 펜션/민박 > 펜션,충청남도 태안군 고남면 큰장돌길 283-49,True,False
2804347,태안,스테이 앤드 스튜디오 여여재,숙박 > 펜션/민박 > 펜션,충청남도 태안군 몽대로 448,True,False
908574,태안,신두리파크펜션,숙박 > 펜션/민박 > 펜션,충청남도 태안군 원북면 신두해변길 170,True,False
1274868,태안,신진도 꿈에그린펜션,숙박 > 펜션/민박 > 펜션,충청남도 태안군 근흥면 신진대교길 94-63,True,False
908509,태안,썬라이즈펜션,숙박 > 펜션/민박 > 펜션,충청남도 태안군 원북면 옥파로 1155,True,False
972385,태안,안면도 노블레스펜션,숙박 > 펜션/민박 > 펜션,충청남도 태안군 고남면 빗독2길 28-41,True,False
907476,태안,안면도 지중해펜션,숙박 > 펜션/민박 > 펜션,충청남도 태안군 안면읍 밧개길 165-60,True,False
2396807,태안,안면도작은수해마을펜션,숙박 > 펜션/민박 > 펜션,충청남도 태안군 안면읍 수해길 181-58,True,False
2020385,태안,애견민박 멍집,숙박 > 펜션/민박 > 펜션,충청남도 태안군 소원면 파도길 71-7,True,False
2775643,태안,오션힐리조트,문화관광 > 복합관광시설 > 리조트,충청남도 태안군 남면 곰섬로 430-37,True,False
906975,태안,우리두리펜션,숙박 > 펜션/민박 > 펜션,충청남도 태안군 남면 달산포로 172-22,True,False
138641,태안,위드오션,숙박 > 펜션/민박 > 펜션,충청남도 태안군 이원면 원이로 2166,True,False
690104,태안,제일모텔,숙박 > 모텔 > 모텔,충청남도 태안군 원북면 옥파로 1147,True,False
1272708,태안,지중해아침,숙박 > 펜션/민박 > 펜션,충청남도 태안군 고남면 큰장돌길 141-98,True,False
2017490,태안,태양은가득히 펜션,숙박 > 펜션/민박 > 펜션,충청남도 태안군 안면읍 삼봉길 112,True,False
707962,태안,톰과제리 펜션,숙박 > 펜션/민박 > 펜션,충청남도 태안군 근흥면 근흥로 1232-11,True,False
139823,태안,파도소리펜션,숙박 > 펜션/민박 > 펜션,충청남도 태안군 소원면 만리포1길 42-12,True,False
397762,태안,파인웰스,숙박 > 펜션/민박 > 펜션,충청남도 태안군 안면읍 안면대로 2608-72,True,False
1271229,태안,하울펜션,숙박 > 펜션/민박 > 펜션,충청남도 태안군 고남면 옷점길 147-58,True,False
2544734,태안,한채당 한옥체험관,숙박 > 펜션/민박 > 한옥스테이,충청남도 태안군 소원면 송의로 695-9,True,False
945148,태안,갯벌부흥펜션,숙박 > 펜션/민박 > 펜션,충청남도 태안군 남면 진산1길 195-14,True,False
1275155,태안,골든코스트,숙박 > 펜션/민박 > 펜션,충청남도 태안군 근흥면 근흥로 867,True,False
707849,태안,그림속풍경 펜션,숙박 > 펜션/민박 > 펜션,충청남도 태안군 남면 진산1길 277-115,True,False
610156,태안,꽃지화이트펜션,숙박 > 펜션/민박 > 펜션,충청남도 태안군 안면읍 꽃지해안로 484,True,False
642301,태안,꽃향기펜션,숙박 > 펜션/민박 > 펜션,충청남도 태안군 안면읍 방포로 111,True,False
1269533,태안,드림하우스,숙박 > 펜션/민박 > 펜션,충청남도 태안군 남면 몽산포길 168,True,False
1270819,태안,뜨락펜션,숙박 > 펜션/민박 > 펜션,충청남도 태안군 고남면 안면대로 4199-57,True,False
2630285,태안,라모스펜션,숙박 > 호스텔 > 게스트하우스,충청남도 태안군 태안읍 안도내길 28-14,True,False
1270475,태안,바다여행파크,숙박 > 펜션/민박 > 펜션,충청남도 태안군 원북면 옥파로 1059-16,True,False
1268364,태안,바다펜션,숙박 > 펜션/민박 > 펜션,충청남도 태안군 소원면 송의로 745,True,False
2516199,태안,바람아래관광농원,숙박 > 펜션/민박 > 펜션,충청남도 태안군 고남면 대야로 13-6,True,False
1269719,태안,선경횟집펜션,숙박 > 펜션/민박 > 펜션,충청남도 태안군 원북면 옥파로 1168-1,True,False
610224,태안,소나무리조트,숙박 > 펜션/민박 > 펜션,충청남도 태안군 남면 몽산포길 179,True,False
1276745,태안,송우펜션,숙박 > 펜션/민박 > 펜션,충청남도 태안군 안면읍 꽃지해안로 506-4,True,False
1270115,태안,수정펜션,숙박 > 펜션/민박 > 펜션,충청남도 태안군 남면 용궁길 93,True,False
1270921,태안,수펜션,숙박 > 펜션/민박 > 펜션,충청남도 태안군 고남면 가경주길 87-6,True,False
1272055,태안,수평선펜션,숙박 > 펜션/민박 > 펜션,충청남도 태안군 고남면 큰장돌길 283-47,True,False
3532751,태안,숨비소리 만리포,숙박 > 펜션/민박 > 펜션,충청남도 태안군 소원면 만리포1길 7,True,False
1273418,태안,쉘부르황토펜션,숙박 > 펜션/민박 > 펜션,충청남도 태안군 소원면 파도길 63,True,False
1278281,태안,씨네마펜션,숙박 > 펜션/민박 > 펜션,충청남도 태안군 안면읍 해안관광로 215-23,True,False
138699,태안,씨송펜션,숙박 > 펜션/민박 > 펜션,충청남도 태안군 안면읍 흑석동길 32,True,False
1268009,태안,씨싸이드캐슬,숙박 > 모텔 > 모텔,충청남도 태안군 소원면 만리포1길 8,True,False
1267838,태안,아드리아모텔,숙박 > 모텔 > 모텔,충청남도 태안군 소원면 만리포1길 9,True,False
3102220,태안,아멜리아풀빌라,숙박 > 펜션/민박 > 펜션,충청남도 태안군 남면 청포대길 17,True,False
1273119,태안,아일랜드콘도,숙박 > 모텔 > 모텔,충청남도 태안군 근흥면 마도길 79-5,True,False
1269618,태안,우리집펜션,숙박 > 펜션/민박 > 펜션,충청남도 태안군 남면 진산2길 144,True,False
1279457,태안,장꽁펜션,숙박 > 펜션/민박 > 펜션,충청남도 태안군 안면읍 해안관광로 510-5,True,False
1275586,태안,장미빛인생,숙박 > 펜션/민박 > 펜션,충청남도 태안군 안면읍 꽃지2길 58-16,True,False
3533159,태안,캠프아이,숙박 > 펜션/민박 > 펜션,충청남도 태안군 남면 안면대로 1007-109,True,False
1274760,태안,필하우스,숙박 > 펜션/민박 > 펜션,충청남도 태안군 근흥면 신진부두길 110-8,True,False
1279373,태안,하늘호수,숙박 > 펜션/민박 > 펜션,충청남도 태안군 안면읍 조운막터길 135,True,False
1273948,태안,해변앞펜션,숙박 > 펜션/민박 > 펜션,충청남도 태안군 근흥면 연포2길 70-11,True,False
138752,태안,해조음펜션,숙박 > 펜션/민박 > 펜션,충청남도 태안군 안면읍 꽃지2길 17-7,True,False
642567,태안,화가의정원,숙박 > 펜션/민박 > 펜션,충청남도 태안군 남면 청포대길 94,True,False
1276634,태안,휴양림펜션,숙박 > 펜션/민박 > 펜션,충청남도 태안군 안면읍 송림길 21,True,False
2548523,통영,스탠포드 호텔 앤 리조트 통영,숙박 > 호텔 > 호텔,경상남도 통영시 도남로 347,True,False
2579765,통영,클럽이에스 통영리조트,문화관광 > 복합관광시설 > 리조트,경상남도 통영시 산양읍 척포길 628-113,True,False
138764,통영,카리브콘도호텔,숙박 > 콘도미니엄 > 콘도,경상남도 통영시 도남로 257-29 (도남동),True,False
3062302,통영,포르투나호텔,숙박 > 호텔 > 호텔,경상남도 통영시 미수해안로 152 (봉평동),True,False
2580844,통영,한산호텔,숙박 > 호텔 > 호텔,경상남도 통영시 통영해안로 247,True,False
2580577,통영,팜비치리조텔,숙박 > 콘도미니엄 > 콘도,경상남도 통영시 도남로 257-45 팜비치리조텔,True,False
2580039,통영,통영관광호텔,숙박 > 호텔 > 호텔,경상남도 통영시 항북길 12-9,True,False
2576326,통영,라베르 관광호텔,숙박 > 호텔 > 호텔,경상남도 통영시 도남로 257-21 (도남동),True,False
3075703,통영,브라운도트호텔 통영항남점,숙박 > 호텔 > 호텔,경상남도 통영시 동충4길 53 (항남동),True,False
1623639,통영,아이리스펜션,숙박 > 펜션/민박 > 펜션,경상남도 통영시 용남면 장평신촌1길 251-11,True,False
2579456,통영,초록빛바다펜션,숙박 > 펜션/민박 > 펜션,경상남도 통영시 산양읍 이운길 102,True,False
2576488,통영,마리조아펜션,숙박 > 펜션/민박 > 펜션,경상남도 통영시 용남면 기호바깥길 7-35,True,False
2576978,통영,바다소리펜션,숙박 > 펜션/민박 > 펜션,경상남도 통영시 사량면 상도일주로 1418,True,False
2580451,통영,통영타워펜션,숙박 > 펜션/민박 > 펜션,경상남도 통영시 용남면 견유1길 151,True,False
2707453,통영,바다향기,숙박 > 호텔 > 호텔,경상남도 통영시 광도면 죽림해안로 36,True,False
2987377,통영,원탑 풀빌라,숙박 > 펜션/민박 > 펜션,경상남도 통영시 도산일주로 1810,True,False
2577843,통영,아라솜펜션,숙박 > 펜션/민박 > 펜션,경상남도 통영시 산양읍 풍화일주로 1195,True,False
595795,통영,통영 퀸모텔,숙박 > 모텔 > 모텔,경상남도 통영시 통영해안로 285,True,False
2581001,통영,해오름황토펜션,숙박 > 펜션/민박 > 펜션,경상남도 통영시 욕지면 욕지일주로 1574,True,False
592257,통영,양지펜션,숙박 > 펜션/민박 > 펜션,경상남도 통영시 산양읍 산양중앙로 167,True,False
2580290,통영,통영비치캐슬호텔,숙박 > 호텔 > 호텔,경상남도 통영시 평인일주로 486-1,True,False
2575496,통영,꾸메푸메펜션,숙박 > 펜션/민박 > 펜션,경상남도 통영시 산양읍 논아랫개길 134-44,True,False
136213,통영,금호통영마리나리조트,문화관광 > 복합관광시설 > 리조트,경상남도 통영시 큰발개1길 33,True,False
2575597,통영,늘푸른펜션,숙박 > 펜션/민박 > 펜션,경상남도 통영시 용남면 장평신촌1길 215-96,True,False
1917811,통영,동경호텔,숙박 > 호텔 > 호텔,경상남도 통영시 광도면 죽림5로 43,True,False
2987248,통영,드레피인풀빌라,숙박 > 펜션/민박 > 펜션,경상남도 통영시 용남면 남해안대로 205-39,True,False
1498031,통영,모텔신라,숙박 > 모텔 > 모텔,경상남도 통영시 동충4길 51,True,False
4062073,통영,별비채펜션,숙박 > 펜션/민박 > 펜션,경상남도 통영시 용남면 장문로 234-17,True,False
2577389,통영,비진도 더씨펜션,숙박 > 펜션/민박 > 펜션,경상남도 통영시 한산면 외항길 48-63,True,False
1034361,통영,비진도 바다이야기 펜션,숙박 > 펜션/민박 > 펜션,경상남도 통영시 한산면 외항길 78,True,False
2577567,통영,소매물도펜션,숙박 > 펜션/민박 > 펜션,경상남도 통영시 한산면 소매물도길 27,True,False
2570611,통영,잊음,숙박 > 펜션/민박 > 한옥스테이,경상남도 통영시 충렬4길 33-5,True,False
2579894,통영,통영 비지니스 관광호텔,숙박 > 호텔 > 호텔,경상남도 통영시 통영해안로 575 (무전동),True,False
2706030,통영,통영 유어스게스트하우스,숙박 > 호스텔 > 게스트하우스,경상남도 통영시 데메3길 27-7,True,False
2570621,통영,통영대교게스트하우스,숙박 > 호스텔 > 게스트하우스,경상남도 통영시 진남1길 24,True,False
2576517,통영,통영더스토리 게스트하우스,숙박 > 호스텔 > 게스트하우스,경상남도 통영시 도남로 175-27,True,False
594392,통영,통영스테이,숙박 > 모텔 > 모텔,경상남도 통영시 산양읍 산양일주로 1050,True,False
2017731,통영,통영여행게스트펜션,숙박 > 펜션/민박 > 펜션,경상남도 통영시 산양읍 수륙길 6,True,False
607494,통영,파도소리펜션,숙박 > 펜션/민박 > 펜션,경상남도 통영시 수륙길 5,True,False
2580650,통영,펜션블루씨,숙박 > 펜션/민박 > 펜션,경상남도 통영시 욕지면 욕지일주로 1536-17,True,False
2580696,통영,풍차마을 로즈힐펜션,숙박 > 펜션/민박 > 펜션,경상남도 통영시 용남면 장평신촌1길 251-9,True,False
2576397,통영,홈게스트하우스,숙박 > 호스텔 > 게스트하우스,경상남도 통영시 서송정1길 46-18,True,False
2581232,통영,히아신스펜션,숙박 > 펜션/민박 > 펜션,경상남도 통영시 용남면 장평신촌1길 251-3,True,False
2575042,통영,갯내음 펜션,숙박 > 펜션/민박 > 펜션,경상남도 통영시 산양읍 논아랫개길 134-51,True,False
2575575,통영,느티나무 펜션,숙박 > 펜션/민박 > 펜션,경상남도 통영시 욕지면 욕지일주로 1148-78,True,False
2575688,통영,다솔펜트하우스,숙박 > 펜션/민박 > 펜션,경상남도 통영시 한산면 소매물도길 25,True,False
2575699,통영,다오레펜션,숙박 > 펜션/민박 > 펜션,경상남도 통영시 산양읍 풍화일주로 486,True,False
2575779,통영,달아펜션,숙박 > 펜션/민박 > 펜션,경상남도 통영시 산양읍 중화윗길 43-5,True,False
2575845,통영,대송펜션,숙박 > 펜션/민박 > 펜션,경상남도 통영시 욕지면 욕지일주로 632-87,True,False
2622938,통영,도르가관광호스텔,숙박 > 호스텔 > 게스트하우스,경상남도 통영시 새터길 74-9,True,False
2576335,통영,로시난테펜션,숙박 > 펜션/민박 > 펜션,경상남도 통영시 사량면 대항길 64-46,True,False
592453,통영,마리나펜션,숙박 > 펜션/민박 > 펜션,경상남도 통영시 수륙길 5,True,False
2611023,통영,맘마논맘마,숙박 > 펜션/민박 > 펜션,경상남도 통영시 용남면 용남해안로 230,True,False
2576667,통영,매물도펜션,숙박 > 펜션/민박 > 펜션,경상남도 통영시 한산면 매물도대항길 65-1,True,False
2576795,통영,몽돌하우스펜션,숙박 > 펜션/민박 > 펜션,경상남도 통영시 용남면 연기길 13,True,False
2576847,통영,물빛소리펜션,숙박 > 펜션/민박 > 펜션,경상남도 통영시 도산면 도산일주로 1294-30,True,False
2576889,통영,미라지펜션,숙박 > 펜션/민박 > 펜션,경상남도 통영시 산양읍 삼칭이해안길 202,True,False
2697696,통영,미륵미륵 맥주호스텔,숙박 > 호스텔 > 게스트하우스,경상남도 통영시 해송정4길 37,True,False
2576923,통영,미성스위트펜션,숙박 > 펜션/민박 > 펜션,경상남도 통영시 산양읍 산양일주로 594,True,False
3533125,통영,바다의기분풀오션,숙박 > 펜션/민박 > 펜션,경상남도 통영시 산양읍 풍화일주로 1609-12,True,False
2016440,통영,베니키아 센트럴 호텔,숙박 > 호텔 > 호텔,경상남도 통영시 광도면 춘원2로 49-20,True,False
2574909,통영,브이모텔,숙박 > 모텔 > 모텔,경상남도 통영시 광도면 죽림해안로 118-17,True,False
2623944,통영,사계절호스텔(통영 사계절펜션),숙박 > 호스텔 > 게스트하우스,경상남도 통영시 용남면 해간길 46-87,True,False
2577396,통영,사량도 단디해펜션,숙박 > 펜션/민박 > 펜션,경상남도 통영시 사량면 대항길 64-50,True,False
2577414,통영,사량패밀리펜션,숙박 > 펜션/민박 > 펜션,경상남도 통영시 사량면 상도일주로 106,True,False
2577499,통영,섬마을 민박낚시,숙박 > 펜션/민박 > 농어촌민박,경상남도 통영시 욕지면 도동길 85,True,False
2577537,통영,소라민박,숙박 > 펜션/민박 > 농어촌민박,경상남도 통영시 한산면 당금길 50,True,False
2577863,통영,아일렛펜션,숙박 > 펜션/민박 > 펜션,경상남도 통영시 산양읍 풍화일주로 1512,True,False
2610526,통영,안정궁 관광 한옥 펜션,숙박 > 펜션/민박 > 한옥스테이,경상남도 통영시 광도면 안정2길 95,True,False
2577897,통영,안정궁관광한옥펜션,숙박 > 펜션/민박 > 펜션,경상남도 통영시 광도면 안정2길 95,True,False
2662854,통영,에프에이치365 펜션(FH365),숙박 > 펜션/민박 > 펜션,경상남도 통영시 산양읍 풍화일주로 228,True,False
2574703,통영,엘에이모텔(LA모텔),숙박 > 모텔 > 모텔,경상남도 통영시 정동1길 14,True,False
594388,통영,연지펜션,숙박 > 펜션/민박 > 펜션,경상남도 통영시 산양읍 양화길 158,True,False
2578242,통영,예향펜션,숙박 > 펜션/민박 > 펜션,경상남도 통영시 산양읍 논아랫개길 134-48,True,False
2574830,통영,오케이 민박펜션,숙박 > 펜션/민박 > 펜션,경상남도 통영시 산양읍 산양일주로 1553-19,True,False
2578282,통영,오페라호텔,숙박 > 모텔 > 모텔,경상남도 통영시 광도면 죽림5로 25-25,True,False
2578626,통영,욕지하늘마루펜션,숙박 > 펜션/민박 > 펜션,경상남도 통영시 욕지면 욕지일주로 449,True,False
2579287,통영,전망좋은펜션,숙박 > 펜션/민박 > 펜션,경상남도 통영시 산양읍 산양일주로 1514,True,False
2579325,통영,제이힐펜션,숙박 > 펜션/민박 > 펜션,경상남도 통영시 용남면 연기길 219,True,False
2579510,통영,추봉도바다펜션,숙박 > 펜션/민박 > 펜션,경상남도 통영시 한산면 추원2길 13-20,True,False
2579526,통영,추봉펜션,숙박 > 펜션/민박 > 펜션,경상남도 통영시 한산면 봉암1길 205-8,True,False
2579636,통영,코발트블루펜션,숙박 > 펜션/민박 > 펜션,경상남도 통영시 도남로 314,True,False
2579788,통영,타셋펜션,숙박 > 펜션/민박 > 펜션,경상남도 통영시 용남면 연기안길 119,True,False
2579837,통영,테마하우스,숙박 > 펜션/민박 > 펜션,경상남도 통영시 용남면 지도해안로 255,True,False
2580018,통영,통영갤러리호텔,숙박 > 호텔 > 호텔,경상남도 통영시 도남로 257-27,True,False
2580047,통영,통영국치농어촌체험휴양마을,숙박 > 펜션/민박 > 농어촌민박,경상남도 통영시 천대국치길 207,True,False
2697898,통영,통영그란데호스텔,숙박 > 호스텔 > 게스트하우스,경상남도 통영시 진남아랫길 10,True,False
2580074,통영,통영다온펜션,숙박 > 펜션/민박 > 펜션,경상남도 통영시 산양읍 산양일주로 353-1,True,False
250600,통영,통영베이리조트,문화관광 > 복합관광시설 > 리조트,경상남도 통영시 도남로 257-93 통영베이,True,False
2580519,통영,통영한산마리나호텔,문화관광 > 복합관광시설 > 리조트,경상남도 통영시 산양읍 삼칭이해안길 820,True,False
2580543,통영,튜울립 펜션,숙박 > 펜션/민박 > 펜션,경상남도 통영시 용남면 장평신촌1길 251-5,True,False
2580660,통영,펜션썸,숙박 > 펜션/민박 > 펜션,경상남도 통영시 용남면 연기길 167,True,False
2580688,통영,푸른바다와 캠핑,숙박 > 펜션/민박 > 농어촌민박,경상남도 통영시 국치1길 49 (인평동),True,False
2580738,통영,하와이호텔,숙박 > 호텔 > 호텔,경상남도 통영시 통영해안로 235 (항남동),True,False
2580812,통영,하포펜션,숙박 > 펜션/민박 > 펜션,경상남도 통영시 한산면 한산일주로 1198,True,False
2580832,통영,한산펜션,숙박 > 펜션/민박 > 펜션,경상남도 통영시 한산면 한산일주로 848,True,False
2580906,통영,해간도펜션,숙박 > 펜션/민박 > 펜션,경상남도 통영시 용남면 해간길 89,True,False
2580971,통영,해수욕장펜션,숙박 > 펜션/민박 > 펜션,경상남도 통영시 산양읍 삼칭이해안길 226-1,True,False
2581140,통영,휴펜션,숙박 > 펜션/민박 > 펜션,경상남도 통영시 산양읍 논아랫개길 148,True,False
724863,파주,IMT호텔,숙박 > 호텔 > 호텔,경기도 파주시 탄현면 성동로 34,True,False
3084393,파주,파주메이트호텔,숙박 > 호텔 > 호텔,경기도 파주시 탄현면 엘씨디로241번길 39-35,True,False
3485238,파주,더휴식 아늑료칸호텔 파주금촌점,숙박 > 모텔 > 모텔,경기도 파주시 금정14길 41-13 (아동동),True,False
2570093,파주,파리랜드(ParisLand),숙박 > 호스텔 > 게스트하우스,경기도 파주시 파주읍 주라위길 60-6,True,False
2418592,파주,파주감악산펜션,숙박 > 펜션/민박 > 펜션,경기도 파주시 적성면 청송로1066번길 29,True,False
527497,파주,펜션 초리풍경,숙박 > 펜션/민박 > 펜션,경기도 파주시 법원읍 초리골길 172-3,True,False
3079824,파주,호텔미즈,숙박 > 호텔 > 호텔,경기도 파주시 탄현면 성동로 20-37,True,False
2627867,파주,가람나무,숙박 > 펜션/민박 > 한옥스테이,경기도 파주시 소라지로327번길 126-21,True,False
3102079,파주,한옥에서 하루를,숙박 > 펜션/민박 > 한옥스테이,경기도 파주시 문산읍 방촌로1294번길 47,True,False
2671726,파주,헤이리풀빌라 워라벨 호스텔,숙박 > 호스텔 > 게스트하우스,경기도 파주시 탄현면 샘철길 38-12,True,False
2700199,파주,호텔CC,숙박 > 호스텔 > 게스트하우스,경기도 파주시 탄현면 엘씨디로241번길 39-45,True,False
126715,평창,모나용평,문화관광 > 복합관광시설 > 리조트,강원특별자치도 평창군 대관령면 올림픽로 715,True,False
142990,평창,켄싱턴 호텔 평창,숙박 > 호텔 > 호텔,강원특별자치도 평창군 진부면 진고개로 231,True,False
136089,평창,모나용평 그린피아콘도,문화관광 > 복합관광시설 > 리조트,강원특별자치도 평창군 대관령면 올림픽로 715,True,False
2558830,평창,AM호텔,숙박 > 모텔 > 모텔,강원특별자치도 평창군 대관령면 송천길 30,True,False
136541,평창,모나용평 빌라콘도,문화관광 > 복합관광시설 > 리조트,강원특별자치도 평창군 대관령면 올림픽로 715,True,False
143007,평창,휘닉스 평창호텔,숙박 > 호텔 > 호텔,강원특별자치도 평창군 봉평면 태기로 174,True,False
2489047,평창,아이원리조트,문화관광 > 복합관광시설 > 리조트,강원특별자치도 평창군 대관령면 솔봉로 471,True,False
136540,평창,모나용평 타워콘도,문화관광 > 복합관광시설 > 리조트,강원특별자치도 평창군 대관령면 올림픽로 715,True,False
142814,평창,드래곤밸리 호텔,숙박 > 호텔 > 호텔,강원특별자치도 평창군 대관령면 올림픽로 715,True,False
138661,평창,샬레리조트,숙박 > 펜션/민박 > 펜션,강원특별자치도 평창군 봉평면 석이바우길 71-20,True,False
2376711,평창,가을동화펜션,숙박 > 펜션/민박 > 펜션,강원특별자치도 평창군 봉평면 흥정계곡길 72,True,False
2708335,평창,가재와곰펜션,숙박 > 펜션/민박 > 펜션,강원특별자치도 평창군 봉평면 흥정계곡4길 212-27,True,False
2760767,평창,강애산애펜션,숙박 > 펜션/민박 > 펜션,강원특별자치도 평창군 봉평면 흥정계곡1길 23,True,False
2761333,평창,개여울펜션,숙박 > 펜션/민박 > 펜션,강원특별자치도 평창군 봉평면 흥정계곡3길 72,True,False
2569016,평창,관광펜션 시실리(평창시실리펜션),숙박 > 펜션/민박 > 펜션,강원특별자치도 평창군 진부면 탑동길 195-8,True,False
2761805,평창,구름위의테라스,숙박 > 펜션/민박 > 펜션,강원특별자치도 평창군 대관령면 경강로 5413,True,False
2761408,평창,그리네펜션,숙박 > 펜션/민박 > 펜션,강원특별자치도 평창군 봉평면 흥정계곡1길 30,True,False
2761315,평창,꼬마성,숙박 > 펜션/민박 > 펜션,강원특별자치도 평창군 봉평면 두리봉길 4-17,True,False
2801460,평창,눈꽃새 펜션,숙박 > 펜션/민박 > 펜션,강원특별자치도 평창군 봉평면 무이진등길 77-74,True,False
4053830,평창,다소곳,숙박 > 펜션/민박 > 펜션,강원특별자치도 평창군 용평면 금당길 625-5,True,False
2760320,평창,다차펜션,숙박 > 펜션/민박 > 펜션,강원특별자치도 평창군 봉평면 진조길 104-41,True,False
2761378,평창,대관령로뎀나무펜션,숙박 > 펜션/민박 > 펜션,강원특별자치도 평창군 대관령면 올림픽로 1012,True,False
2761649,평창,대관령아름다운펜션,숙박 > 펜션/민박 > 펜션,강원특별자치도 평창군 대관령면 송전1길 32,True,False
2761142,평창,대관령푸른솔펜션,숙박 > 펜션/민박 > 펜션,강원특별자치도 평창군 대관령면 송전1길 20,True,False
2761180,평창,대관령하우스,숙박 > 펜션/민박 > 펜션,강원특별자치도 평창군 대관령면 가시머리길 52-7,True,False
2801445,평창,대박이하우스,숙박 > 펜션/민박 > 펜션,강원특별자치도 평창군 봉평면 진조2길 281-4,True,False
2801433,평창,더 휴 펜션,숙박 > 펜션/민박 > 펜션,강원특별자치도 평창군 봉평면 흥정계곡길 234,True,False
2801576,평창,더힐링펜션,숙박 > 펜션/민박 > 펜션,강원특별자치도 평창군 봉평면 흥정계곡길 408,True,False
2801593,평창,도그밀리(DOGMILY),숙박 > 펜션/민박 > 펜션,강원특별자치도 평창군 방림면 감동지길 100,True,False
2759968,평창,돈막골펜션,숙박 > 펜션/민박 > 펜션,강원특별자치도 평창군 평창읍 고길천로 200-12,True,False
2757631,평창,라마다호텔&스위트평창,숙박 > 호텔 > 호텔,강원특별자치도 평창군 대관령면 오목길 107,True,False
2761671,평창,로얄모텔,숙박 > 모텔 > 모텔,강원특별자치도 평창군 평창읍 백오1길 44,True,False
2761428,평창,메이페어나르샤,숙박 > 펜션/민박 > 펜션,강원특별자치도 평창군 봉평면 안흥동길 70-83,True,False
3044585,평창,바다내음펜션(평창),숙박 > 펜션/민박 > 펜션,강원특별자치도 평창군 봉평면 흥정계곡길 410,True,False
2760231,평창,베니스펜션,숙박 > 펜션/민박 > 펜션,강원특별자치도 평창군 봉평면 흥정계곡길 130,True,False
2574386,평창,베리온리조트1,숙박 > 펜션/민박 > 펜션,강원특별자치도 평창군 봉평면 평온길 14-13,True,False
2574384,평창,베리온리조트2,숙박 > 펜션/민박 > 펜션,강원특별자치도 평창군 봉평면 평온길 14-13,True,False
2498993,평창,벤치하우스 펜션,숙박 > 펜션/민박 > 펜션,강원특별자치도 평창군 봉평면 흥정계곡1길 35-6,True,False
2801323,평창,별따러가자,숙박 > 펜션/민박 > 펜션,강원특별자치도 평창군 봉평면 봉평북로 178-14,True,False
2760926,평창,봉평별빛펜션,숙박 > 펜션/민박 > 펜션,강원특별자치도 평창군 봉평면 팔송로 208-7,True,False
2760965,평창,비블로스펜션,숙박 > 펜션/민박 > 펜션,강원특별자치도 평창군 봉평면 흥정계곡1길 9-12,True,False
1992872,평창,비움 펜션,숙박 > 펜션/민박 > 펜션,강원특별자치도 평창군 봉평면 금당계곡로 1778-6,True,False
2801131,평창,산마을풍경,숙박 > 펜션/민박 > 펜션,강원특별자치도 평창군 봉평면 흥정계곡4길 233-9,True,False
2760102,평창,산모랭이펜션,숙박 > 펜션/민박 > 펜션,강원특별자치도 평창군 진부면 장전길 277,True,False
2761271,평창,솔숲,숙박 > 펜션/민박 > 펜션,강원특별자치도 평창군 용평면 양지길 64,True,False
2760309,평창,송림펜션,숙박 > 펜션/민박 > 펜션,강원특별자치도 평창군 진부면 화의1길 14-9,True,False
2760971,평창,수가성펜션,숙박 > 펜션/민박 > 펜션,강원특별자치도 평창군 봉평면 팔송로 248-49,True,False
2760023,평창,숲사이길펜션,숙박 > 펜션/민박 > 펜션,강원특별자치도 평창군 진부면 간평길 233-2,True,False
398029,평창,숲속의 요정,숙박 > 펜션/민박 > 펜션,강원특별자치도 평창군 봉평면 팔송로 111-21,True,False
2761359,평창,아리오펜션,숙박 > 펜션/민박 > 펜션,강원특별자치도 평창군 봉평면 흥정계곡길 407,True,False
628176,평창,아트인아일랜드,숙박 > 펜션/민박 > 펜션,강원특별자치도 평창군 봉평면 봉평북로 193-28,True,False
2759855,평창,안단테 북펜션,숙박 > 펜션/민박 > 펜션,강원특별자치도 평창군 방림면 칡사리길 167,True,False
2761397,평창,안단테펜션,숙박 > 펜션/민박 > 펜션,강원특별자치도 평창군 봉평면 흥정계곡길 422-5,True,False
2760305,평창,애비로드,숙박 > 펜션/민박 > 펜션,강원특별자치도 평창군 방림면 고원로 147-20,True,False
2015628,평창,어름치펜션,숙박 > 펜션/민박 > 펜션,강원특별자치도 평창군 미탄면 마하길 41-5,True,False
2761023,평창,에델바이스,숙박 > 펜션/민박 > 펜션,강원특별자치도 평창군 대관령면 송전1길 81-8,True,False
2801071,평창,에브라임,숙박 > 펜션/민박 > 펜션,강원특별자치도 평창군 봉평면 안흥동길 47-14,True,False
2499552,평창,엔젤드림펜션,숙박 > 펜션/민박 > 펜션,강원특별자치도 평창군 봉평면 봉평북로 250-43,True,False
2710633,평창,오대산 자연명상마을,숙박 > 펜션/민박 > 펜션,강원특별자치도 평창군 진부면 오대산3길 2,True,False
2800480,평창,오대산보궁민박,숙박 > 펜션/민박 > 펜션,강원특별자치도 평창군 진부면 오대산3길 47,True,False
2760684,평창,우리빌리지펜션,숙박 > 펜션/민박 > 펜션,강원특별자치도 평창군 봉평면 흥정계곡길 401,True,False
2710685,평창,월정사 템플스테이,숙박 > 펜션/민박 > 홈스테이,강원특별자치도 평창군 진부면 오대산로 374-8,True,False
2760046,평창,융프라우펜션,숙박 > 펜션/민박 > 펜션,강원특별자치도 평창군 대관령면 차항길 192-75,True,False
2904774,평창,으지네민박,숙박 > 펜션/민박 > 펜션,강원특별자치도 평창군 진부면 탑동길 108-16,True,False
2759926,평창,작은통나무집 펜션,숙박 > 펜션/민박 > 펜션,강원특별자치도 평창군 방림면 월암길 41-7,True,False
2046122,평창,정강원 관광농원,숙박 > 펜션/민박 > 한옥스테이,강원특별자치도 평창군 용평면 금당계곡로 2010-13,True,False
2800983,평창,채울,숙박 > 펜션/민박 > 펜션,강원특별자치도 평창군 봉평면 버들개길 81-50,True,False
2570521,평창,체르맛트,숙박 > 펜션/민박 > 펜션,강원특별자치도 평창군 진부면 지령동길 51,True,False
2761830,평창,초가집황토펜션,숙박 > 펜션/민박 > 펜션,강원특별자치도 평창군 봉평면 태기로 701-7,True,False
2760679,평창,퀸스가든펜션,숙박 > 펜션/민박 > 펜션,강원특별자치도 평창군 대관령면 경강로 5425-21,True,False
2799811,평창,키스멧코티지,숙박 > 펜션/민박 > 펜션,강원특별자치도 평창군 용평면 금당길 213-20,True,False
398113,평창,펜션 리운산장,숙박 > 펜션/민박 > 펜션,강원특별자치도 평창군 봉평면 버들개1길 89-17,True,False
2761559,평창,펜트하우스풀빌라,숙박 > 펜션/민박 > 펜션,강원특별자치도 평창군 진부면 방아다리로 264-56,True,False
2800850,평창,평창 다온숲 펜션,숙박 > 펜션/민박 > 펜션,강원특별자치도 평창군 봉평면 후군동길 98-10,True,False
2759995,평창,평창강가에서펜션,숙박 > 펜션/민박 > 펜션,강원특별자치도 평창군 평창읍 용항상촌길 141-46,True,False
2800837,평창,평창강힐링하우스,숙박 > 펜션/민박 > 펜션,강원특별자치도 평창군 평창읍 매화길 189-59,True,False
2460367,평창,평창이야기펜션,숙박 > 펜션/민박 > 펜션,강원특별자치도 평창군 봉평면 흥정계곡길 60,True,False
2800631,평창,평창필그림펜션,숙박 > 펜션/민박 > 펜션,강원특별자치도 평창군 봉평면 흥정계곡4길 31,True,False
2800851,평창,평창힐링스테이,숙박 > 펜션/민박 > 펜션,강원특별자치도 평창군 평창읍 종부1길 242-44,True,False
1956311,평창,플로렌스펜션,숙박 > 펜션/민박 > 펜션,강원특별자치도 평창군 봉평면 흥정계곡3길 58,True,False
2761617,평창,하늘닿은펜션,숙박 > 펜션/민박 > 펜션,강원특별자치도 평창군 봉평면 안흥동길 70-99,True,False
2761020,평창,하우스봉봉,숙박 > 펜션/민박 > 펜션,강원특별자치도 평창군 대관령면 차항길 192-82,True,False
1081744,평창,한국전통음식문화체험관(정강원),숙박 > 펜션/민박 > 한옥스테이,강원특별자치도 평창군 용평면 금당계곡로 2010-13,True,False
2759293,평창,현대엘리엇호텔&리조트,숙박 > 호텔 > 호텔,강원특별자치도 평창군 대관령면 경강로 4887-5,True,False
2757748,평창,호텔 더마루,숙박 > 호텔 > 호텔,강원특별자치도 평창군 대관령면 송천3길 10,True,False
951444,평창,홀리데이인&스위트 알펜시아 평창,숙박 > 콘도미니엄 > 콘도,강원특별자치도 평창군 대관령면 솔봉로 325,True,False
2616801,평창,화이트캐빈,숙박 > 펜션/민박 > 펜션,강원특별자치도 평창군 봉평면 태기로 93,True,False
2761960,평창,황미숙펜션,숙박 > 펜션/민박 > 펜션,강원특별자치도 평창군 대관령면 삼현동1길 10-17,True,False
136616,평창,휘닉스 평창 콘도,숙박 > 콘도미니엄 > 콘도,강원특별자치도 평창군 봉평면 태기로 174,True,False
2801527,평창,흥정계곡409,숙박 > 펜션/민박 > 펜션,강원특별자치도 평창군 봉평면 흥정계곡길 409,True,False
1706525,평창,대관령 품안에펜션,숙박 > 펜션/민박 > 펜션,강원특별자치도 평창군 대관령면 꽃밭양지길 372,True,False
900163,평창,음악이흐르는숲,숙박 > 펜션/민박 > 펜션,강원특별자치도 평창군 방림면 고원로 520-97,True,False
3044630,평창,장평모텔,숙박 > 모텔 > 모텔,강원특별자치도 평창군 용평면 금송길 15-7,True,False
662394,평창,한국전통음식문화체험관(정강원),숙박 > 펜션/민박 > 농어촌민박,강원특별자치도 평창군 용평면 백옥포리,True,False
2875542,평택,이끌림 클래식 호텔 평택점,숙박 > 호텔 > 호텔,경기도 평택시 포승읍 평택항로184번길 3-13,True,False
2865958,평택,리치스테이호텔,숙박 > 호텔 > 호텔,경기도 평택시 고덕중앙2로 77-6 (고덕동),True,False
3484193,평택,아늑호텔 앤 스파 평택점,숙박 > 모텔 > 모텔,경기도 평택시 송탄로 446 (지산동),True,False
2875503,평택,웨스턴베이마리나호텔,숙박 > 호텔 > 호텔,경기도 평택시 포승읍 평택항로184번길 3-21,True,False
2877846,평택,호텔써밋,숙박 > 호텔 > 호텔,경기도 평택시 고덕중앙로 200-33 (고덕동),True,False
2917187,평택,부티크호텔 XYM,숙박 > 호텔 > 호텔,경기도 평택시 도일유통길 13-31 (도일동),True,False
2875427,평택,브라운도트 고덕신도시점,숙박 > 호텔 > 호텔,경기도 평택시 고덕중앙로 200-19 (고덕동),True,False
3439364,평택,케이트리 평택 호텔,숙박 > 모텔 > 모텔,경기도 평택시 포승읍 평택항로184번길 3-10,True,False
3081380,평택,평택스테이호텔,숙박 > 호텔 > 호텔,경기도 평택시 평택1로 7 (평택동),True,False
2867079,평택,호텔벨르,숙박 > 호텔 > 호텔,경기도 평택시 평택로28번길 6 (평택동),True,False
136520,포천,한화리조트 산정호수 안시,문화관광 > 복합관광시설 > 리조트,경기도 포천시 영북면 산정호수로 402,True,False
232295,포천,아도니스호텔,숙박 > 호텔 > 호텔,경기도 포천시 신북면 포천로2414번길 24,True,False
397690,포천,하늘향기펜션,숙박 > 펜션/민박 > 펜션,경기도 포천시 일동면 사기막길 213,True,False
2738740,포천,계곡과소나무 펜션,숙박 > 펜션/민박 > 펜션,경기도 포천시 일동면 무리울길 299,True,False
2713412,포천,샘물농장 황토펜션,숙박 > 펜션/민박 > 펜션,경기도 포천시 일동면 화동로 1601-8,True,False
946271,포천,시크릿가든키즈펜션,숙박 > 펜션/민박 > 펜션,경기도 포천시 신북면 깊이울로 119,True,False
397695,포천,티볼리빌,숙박 > 펜션/민박 > 펜션,경기도 포천시 내촌면 금강로2110번길 88-48,True,False
983901,포천,포천 아이러브펜션,숙박 > 펜션/민박 > 펜션,경기도 포천시 영북면 산정호수로411번길 112-22,True,False
633769,포천,프라임리조트,숙박 > 펜션/민박 > 펜션,경기도 포천시 영북면 산정호수로 921,True,False
686187,포천,하늘가람펜션,숙박 > 펜션/민박 > 펜션,경기도 포천시 일동면 운악청계로1480번길 16,True,False
686247,포천,하늘풍경 펜션,숙박 > 펜션/민박 > 펜션,경기도 포천시 일동면 운악청계로1480번길 90-15,True,False
3011195,포천,해와달수상낚시빌리지,숙박 > 펜션/민박 > 펜션,경기도 포천시 관인면 찬우물길 73-26,True,False
1073480,포천,호수창이예쁜가,숙박 > 펜션/민박 > 펜션,경기도 포천시 일동면 운악청계로1480번길 8,True,False
2622230,포천,관광 꿈꾸는숲 펜션,숙박 > 펜션/민박 > 펜션,경기도 포천시 소흘읍 죽엽산로 490,True,False
2010024,포항,라한호텔 포항,숙박 > 호텔 > 호텔,경상북도 포항시 북구 삼호로265번길 1,True,False
3075730,포항,호텔 뷰,숙박 > 호텔 > 호텔,경상북도 포항시 북구 해안로 91 (두호동),True,False
2911712,포항,브라운도트호텔 포항영일대점,숙박 > 호텔 > 호텔,경상북도 포항시 북구 해안로 113 (두호동),True,False
3044675,포항,호텔야자 포항여객터미널점,숙박 > 모텔 > 모텔,경상북도 포항시 북구 삼호로 162 (항구동),True,False
142898,포항,코모도호텔 포항,숙박 > 호텔 > 호텔,경상북도 포항시 남구 송도로 71 (송도동),True,False
143129,포항,베니키아 호텔 포항,숙박 > 호텔 > 호텔,경상북도 포항시 남구 중앙로 128,True,False
2912307,포항,노블리온 호텔,숙박 > 호텔 > 호텔,경상북도 포항시 남구 희망대로659번길 20 (대잠동),True,False
2570683,포항,다모디(다모디펜션),숙박 > 펜션/민박 > 펜션,경상북도 포항시 남구 호미곶면 관암일출길 29,True,False
2770470,포항,브라운도트호텔 포항 죽도점,숙박 > 호텔 > 호텔,경상북도 포항시 북구 죽도로40번길 51 (죽도동),True,False
2912841,포항,에이원호텔 해도점,숙박 > 모텔 > 모텔,경상북도 포항시 남구 중앙로 140 (해도동),True,False
3340432,포항,호텔 라자비(raza b),숙박 > 호텔 > 호텔,경상북도 포항시 북구 칠성로47번길 12-2 (중앙동),True,False
2700939,포항,라메르펜션리조트,숙박 > 펜션/민박 > 펜션,경상북도 포항시 남구 호미곶면 일출로568번길 19-16,True,False
3532569,포항,에스피에스타,숙박 > 펜션/민박 > 펜션,경상북도 포항시 북구 여남포길21번길 15-8 (환호동),True,False
2697831,포항,영일대 게스트하우스,숙박 > 호스텔 > 게스트하우스,경상북도 포항시 북구 삼호로 73,True,False
397820,포항,작은행복,숙박 > 펜션/민박 > 펜션,경상북도 포항시 북구 흥해읍 해안로 1727,True,False
3044644,포항,포항더케이프풀빌라,숙박 > 펜션/민박 > 펜션,경상북도 포항시 북구 송라면 봉화길 297,True,False
3532731,하남,루이하우스,숙박 > 펜션/민박 > 펜션,경기도 하남시 산곡남로 208 (상산곡동),True,False
2758401,하동,비바체리조트,문화관광 > 복합관광시설 > 리조트,경상남도 하동군 청암면 청학로 876,True,False
137799,하동,온천호텔사우나,숙박 > 모텔 > 모텔,경상남도 하동군 화개면 화개로 413,True,False
2785825,하동,아름다운 산골,숙박 > 펜션/민박 > 농어촌민박,경상남도 하동군 화개면 범왕길 196,True,False
4020690,하동,악양별서,숙박 > 펜션/민박 > 농어촌민박,경상남도 하동군 악양면 봉대길 50,True,False
1373262,하동,연우펜션,숙박 > 펜션/민박 > 펜션,경상남도 하동군 화개면 화개로 1433,True,False
4071174,하동,유로제다,숙박 > 펜션/민박 > 펜션,경상남도 하동군 화개면 신촌도심길 43-7,True,False
2708658,하동,최참판댁 한옥숙박시설,숙박 > 펜션/민박 > 한옥스테이,경상남도 하동군 악양면 평사리길 86,True,False
1367683,하동,모텔 엘도라도,숙박 > 모텔 > 모텔,경상남도 하동군 금남면 경충로 178-18,True,False
138724,함양,백무산장 황토방 펜션,숙박 > 모텔 > 모텔,경상남도 함양군 마천면 백무동로 321,True,False
2760074,함양,지리산태고재 (정일품농원),숙박 > 펜션/민박 > 한옥스테이,경상남도 함양군 지곡면 개평길 39-2,True,False
3576386,함평,스톤델리아 호텔&리조트,숙박 > 호텔 > 호텔,전남광주통합특별시 함평군 함평읍 돌머리길 703,True,False
2621282,함평,사슴이랑배랑농원,숙박 > 펜션/민박 > 한옥스테이,전남광주통합특별시 함평군 해보면 밀재로 1147-34,True,False
1809332,함평,호텔팰리스,숙박 > 모텔 > 모텔,전남광주통합특별시 함평군 함평읍 함평천우길 32,False,False
2595847,합천,달의 정원,숙박 > 펜션/민박 > 한옥스테이,경상남도 합천군 가야면 치인1길 13-31,True,False
2616093,합천,일리있는풀빌라,숙박 > 펜션/민박 > 펜션,경상남도 합천군 대병면 합천호반로 96,True,False
1904632,합천,합천호 스마일펜션,숙박 > 펜션/민박 > 펜션,경상남도 합천군 대병면 회양관광단지길 61,True,False
1903807,합천,합천호 한우숯불구이펜션,숙박 > 펜션/민박 > 펜션,경상남도 합천군 대병면 서부로 1982-10,True,False
1872145,해남,설아다원,숙박 > 펜션/민박 > 한옥스테이,전남광주통합특별시 해남군 북일면 삼성길 153-21,True,False
2574326,해남,개울한옥민박,숙박 > 펜션/민박 > 한옥스테이,전남광주통합특별시 해남군 옥천면 도림길 81,True,False
2593235,해남,거목장민박,숙박 > 펜션/민박 > 한옥스테이,전남광주통합특별시 해남군 삼산면 민박촌길 63,True,False
2372714,해남,남도호텔,숙박 > 호텔 > 호텔,전남광주통합특별시 해남군 해남읍 영빈로 53,True,False
138486,해남,바닷가모텔,숙박 > 모텔 > 모텔,전남광주통합특별시 해남군 송지면 땅끝해안로 1354-12,True,False
3402721,해남,해남126 호텔,숙박 > 호텔 > 호텔,전남광주통합특별시 해남군 화원면 시아로 576-33,True,False
136542,해남,해남유스호스텔,숙박 > 호스텔 > 유스호스텔,전남광주통합특별시 해남군 삼산면 대흥사길 88-88,True,False
2049874,해남,해마루 힐링숲,숙박 > 펜션/민박 > 한옥스테이,전남광주통합특별시 해남군 동해길 108-35  ,True,False
2604533,해남,고집불통송가네,숙박 > 펜션/민박 > 한옥스테이,전남광주통합특별시 해남군 북평면 동해길 108-23,True,False
2628905,해남,두륜산관광펜션,숙박 > 펜션/민박 > 펜션,전남광주통합특별시 해남군 삼산면 대흥사길 88-56,True,False
2604573,해남,산들바다애(산들바다애 한옥민박),숙박 > 펜션/민박 > 한옥스테이,전남광주통합특별시 해남군 북평면 동해길 108-29,True,False
3102221,해남,수희재,숙박 > 펜션/민박 > 펜션,전남광주통합특별시 해남군 삼산면 고산로 767-17,True,False
2621263,해남,자연스토리,숙박 > 펜션/민박 > 한옥스테이,전남광주통합특별시 해남군 삼산면 민박촌길 77,True,False
2570229,홍성,결성향교,숙박 > 펜션/민박 > 한옥스테이,충청남도 홍성군 결성면 홍남서로707번길 21-8,True,False
2624231,홍성,장충영각,숙박 > 펜션/민박 > 한옥스테이,충청남도 홍성군 구항면 거북로 422-41,True,False
4080774,홍천,소노펠리체 비발디파크,문화관광 > 복합관광시설 > 리조트,강원특별자치도 홍천군 서면 한치골길 262,True,False
2491622,홍천,힐리언스 선마을,숙박 > 콘도미니엄 > 콘도,강원특별자치도 홍천군 종자산길 122,True,False
4080891,홍천,소노펠리체 빌리지 비발디파크,문화관광 > 복합관광시설 > 리조트,강원특별자치도 홍천군 서면 한치골길 262,True,False
2913675,홍천,소노펫클럽앤리조트,숙박 > 콘도미니엄 > 콘도,강원특별자치도 홍천군 서면 한치골길 262,True,False
2623576,홍천,다인펜션,숙박 > 펜션/민박 > 펜션,강원특별자치도 홍천군 서면 한서로 1466,True,False
2369352,홍천,하늘호수 키즈풀빌라,숙박 > 펜션/민박 > 펜션,강원특별자치도 홍천군 북방면 노일로 336-5,True,False
2648266,홍천,SKY비발디펜션,숙박 > 펜션/민박 > 펜션,강원특별자치도 홍천군 서면 한서로 2263,True,False
940259,홍천,강가의성,숙박 > 펜션/민박 > 펜션,강원특별자치도 홍천군 북방면 굴지강변로 281,True,False
678537,홍천,강변의수채화 펜션,숙박 > 펜션/민박 > 펜션,강원특별자치도 홍천군 북방면 노일로310번길 15,True,False
628690,홍천,곰펜션,숙박 > 펜션/민박 > 펜션,강원특별자치도 홍천군 서면 팔봉산로 1047-4,True,False
1851928,홍천,구름속의 산책 키즈풀빌라,숙박 > 펜션/민박 > 펜션,강원특별자치도 홍천군 서면 팔봉산로 10,True,False
629269,홍천,까사모로,숙박 > 펜션/민박 > 펜션,강원특별자치도 홍천군 서면 팔봉강변길 209-24,True,False
398005,홍천,너른바위,숙박 > 펜션/민박 > 펜션,강원특별자치도 홍천군 당무로 987,True,False
909862,홍천,멜로즈펜션,숙박 > 펜션/민박 > 펜션,강원특별자치도 홍천군 서면 개야마을길 166,True,False
398154,홍천,물안개피는 들꽃나루펜션,숙박 > 펜션/민박 > 펜션,강원특별자치도 홍천군 서면 개야로 579-49,True,False
2814150,홍천,빌리지736,숙박 > 펜션/민박 > 펜션,강원특별자치도 홍천군 노일로 206-9,True,False
678650,홍천,세도나 펜션,숙박 > 펜션/민박 > 펜션,강원특별자치도 홍천군 북방면 노일로238번길 33,True,False
136636,홍천,소노벨·소노캄 비발디파크,숙박 > 콘도미니엄 > 콘도,강원특별자치도 홍천군 서면 한치골길 262,True,False
629268,홍천,솔향기 펜션,숙박 > 펜션/민박 > 펜션,강원특별자치도 홍천군 북방면 노일로 713,True,False
678688,홍천,아레나 펜션,숙박 > 펜션/민박 > 펜션,강원특별자치도 홍천군 북방면 노일로 344-13,True,False
900729,홍천,아름다운기억,숙박 > 펜션/민박 > 펜션,강원특별자치도 홍천군 두촌면 가리산길 75-14,True,False
138351,홍천,안개자니펜션&글램핑,숙박 > 펜션/민박 > 펜션,강원특별자치도 홍천군 화촌면 당무로 973-14,True,False
629262,홍천,양덕드림빌 펜션,숙박 > 펜션/민박 > 펜션,강원특별자치도 홍천군 남면 화전들길 59-29,True,False
2804284,홍천,유리트리트,숙박 > 펜션/민박 > 펜션,강원특별자치도 홍천군 한서로 1468-55,True,False
629065,홍천,타샤의 정원,숙박 > 펜션/민박 > 펜션,강원특별자치도 홍천군 서면 팔봉강변길 229,True,False
921016,홍천,펜션강가애,숙박 > 펜션/민박 > 펜션,강원특별자치도 홍천군 서면 도롱골길147번길 8-16,True,False
2717384,홍천,펫티움애견펜션,숙박 > 펜션/민박 > 펜션,강원특별자치도 홍천군 서면 한서로 2344-12,True,False
3543710,홍천,풀스테이 스테이펫 홍천,숙박 > 콘도미니엄 > 레지던스,강원특별자치도 홍천군 화촌면 답연밭길 5-2,True,False
4085187,홍천,홍천무네미농장,숙박 > 펜션/민박 > 농어촌민박,강원특별자치도 홍천군 내면 수유동길 637,True,False
3465127,홍천,세이지우드 홍천,숙박 > 호텔 > 호텔,강원특별자치도 홍천군 두촌면 광석로 898-87,True,False
2613357,홍천,오캄럭스클럽1단지,숙박 > 펜션/민박 > 펜션,강원특별자치도 홍천군 서면 굴업솔골길 33,True,False
2613363,홍천,오캄럭스클럽2단지,숙박 > 펜션/민박 > 펜션,강원특별자치도 홍천군 서면 굴업솔골길 31,True,False
2613364,홍천,오캄럭스클럽3단지,숙박 > 펜션/민박 > 펜션,강원특별자치도 홍천군 서면 굴업솔골길 29,True,False
3533134,홍천,하몽하몽 키즈풀빌라,숙박 > 펜션/민박 > 펜션,강원특별자치도 홍천군 서면 오도치길 139-65,True,False
4079527,홍천,홍천펜션아이리스,숙박 > 펜션/민박 > 펜션,강원특별자치도 홍천군 서면 굴업솔골길 60-23,True,False
3081864,화성,그린피아관광호텔,숙박 > 호텔 > 호텔,경기도 화성시 병점구 세자로 438 (안녕동),True,False
2708340,화성,스타즈호텔프리미어,숙박 > 호텔 > 호텔,경기도 화성시 동탄구 동탄반석로 171 (반송동),True,False
139488,화성,월드관광호텔,숙박 > 호텔 > 호텔,경기도 화성시 향남읍 발안공단로5길 7-23,True,False
3081873,화성,프로방스율암,숙박 > 호텔 > 호텔,경기도 화성시 만세구 팔탄면 온천로 434-26,True,False
2716763,화성,신라스테이 동탄,숙박 > 호텔 > 호텔,경기도 화성시 노작로 161 (반송동),True,False
3483559,화성,더휴식 심작호텔 동탄점,숙박 > 모텔 > 모텔,경기도 화성시 큰재봉길 31-15 (석우동),True,False
2626608,화성,동미산펜션,숙박 > 펜션/민박 > 펜션,경기도 화성시 서신면 해안길 230-1,True,False
2574064,화성,백미응서재,숙박 > 펜션/민박 > 한옥스테이,경기도 화성시 서신면 밸미길 84,True,False
3081881,화성,월문나인부띠크무인텔,숙박 > 호텔 > 호텔,경기도 화성시 만세구 팔탄면 버들로1597번길 14-17,True,False
3363678,화성,제부도 워터월드펜션,숙박 > 펜션/민박 > 펜션,경기도 화성시 만세구 서신면 제부말길 46-4,True,False
2571950,화성,초원펜션(제부도 초원펜션),숙박 > 펜션/민박 > 펜션,경기도 화성시 서신면 해안길 96-1,True,False
2699602,화성,미고펜션,숙박 > 펜션/민박 > 펜션,경기도 화성시 서신면 해안길178번길 48-9,True,False
2621340,화성,바다뜰이야기펜션,숙박 > 펜션/민박 > 펜션,경기도 화성시 서신면 해안길 96-19,True,False
2626832,화성,바다향기펜션,숙박 > 펜션/민박 > 펜션,경기도 화성시 서신면 해안길 144,True,False
3075633,화성,베니키아 더 에이치 호텔,숙박 > 호텔 > 호텔,경기도 화성시 만세구 남양읍 역골로 3-12,True,False
2659405,화성,양지리조텔,숙박 > 펜션/민박 > 펜션,경기도 화성시 서신면 해안길 353-6,True,False
2626648,화성,연리지펜션,숙박 > 펜션/민박 > 펜션,경기도 화성시 서신면 해안길 150,True,False
2626847,화성,프리마베라펜션,숙박 > 펜션/민박 > 펜션,경기도 화성시 서신면 해안길 381,True,False
138863,화순,미송온천호텔,숙박 > 모텔 > 모텔,전남광주통합특별시 화순군 도곡면 온천2길 51,False,False
2594831,화순,양참사댁(양동호 가옥 / 한옥152),숙박 > 펜션/민박 > 한옥스테이,전남광주통합특별시 화순군 도곡면 달아실길 24,True,False
2583856,화순,청풍자연농원,숙박 > 호텔 > 호텔,전남광주통합특별시 화순군 청풍면 석치길 22-3,True,False
495941,화순,하우트모텔,숙박 > 모텔 > 모텔,전남광주통합특별시 화순군 도곡면 온천1길 18-15,True,False
1266373,화천,아쿠아틱리조트,숙박 > 펜션/민박 > 펜션,강원특별자치도 화천군 하남면 호수길 254,True,False
2531375,화천,다가가다한옥,숙박 > 펜션/민박 > 펜션,강원특별자치도 화천군 평화로 167 다가가다한옥,True,False
1265425,화천,마음이머무는곳,숙박 > 펜션/민박 > 펜션,강원특별자치도 화천군 사내면 포화로 653-76,True,False
1263672,화천,만산고을펜션(구 만산수목원펜션),숙박 > 펜션/민박 > 펜션,강원특별자치도 화천군 상서면 만산동로 898-16,True,False
1261703,화천,물안골스머프펜션,숙박 > 펜션/민박 > 펜션,강원특별자치도 화천군 사내면 물안골길 12-68,True,False
1266236,화천,여울목펜션,숙박 > 펜션/민박 > 펜션,강원특별자치도 화천군 사내면 화악산로 618-3,True,False
1258560,화천,파인밸리,숙박 > 펜션/민박 > 펜션,강원특별자치도 화천군 사내면 포화로 452,True,False
2423961,화천,파프리카펜션 옐로우,숙박 > 펜션/민박 > 펜션,강원특별자치도 화천군 사내면 하오재로 100-15,True,False
1263536,화천,하늘채펜션,숙박 > 펜션/민박 > 펜션,강원특별자치도 화천군 상서면 만산동로 913-10,True,False
1266427,화천,향기나라 사랑이 펜션,숙박 > 펜션/민박 > 펜션,강원특별자치도 화천군 사내면 화악산로 938-14,True,False
1264990,화천,화악산황토펜션,숙박 > 펜션/민박 > 펜션,강원특별자치도 화천군 사내면 수피령로 102-58,True,False
2523923,화천,화천 나이테펜션,숙박 > 펜션/민박 > 펜션,강원특별자치도 화천군 화천읍 평화로 865,True,False
136548,횡성,웰리힐리파크,숙박 > 콘도미니엄 > 콘도,강원특별자치도 횡성군 둔내면 고원로 451,True,False
136549,횡성,코레스코치악산콘도미니엄,숙박 > 콘도미니엄 > 콘도,강원특별자치도 횡성군 우천면 전재로 254,True,False
139105,횡성,꿈꾸는소나무,숙박 > 펜션/민박 > 펜션,강원특별자치도 횡성군 둔내면 고원로425번길 35-15,True,False
3044525,횡성,꿈나무펜션,숙박 > 펜션/민박 > 펜션,강원특별자치도 횡성군 둔내면 고원로425번길 35-1,True,False
398138,횡성,꿈속에 그린 펜션,숙박 > 펜션/민박 > 펜션,강원특별자치도 횡성군 둔내면 두원2길 45-20,True,False
139054,횡성,뉴월드,숙박 > 모텔 > 모텔,강원특별자치도 횡성군 둔내면 두원길 15-9,True,False
2380348,횡성,모던힐펜션,숙박 > 펜션/민박 > 펜션,강원특별자치도 횡성군 둔내면 두원1길 20-7,True,False
2380443,횡성,별무리펜션,숙박 > 펜션/민박 > 펜션,강원특별자치도 횡성군 둔내면 용현로 466-12,True,False
3490410,횡성,숲속의연인별,숙박 > 펜션/민박 > 펜션,강원특별자치도 횡성군 둔내면 두원3길 26,True,False
398170,횡성,알프스클럽,숙박 > 펜션/민박 > 펜션,강원특별자치도 횡성군 둔내면 두원2길 45-25,True,False
496377,횡성,오즈모텔,숙박 > 모텔 > 모텔,강원특별자치도 횡성군 횡성읍 앞들동남로 7,True,False
136590,횡성,웰리힐리파크 유스호스텔,숙박 > 호스텔 > 유스호스텔,강원특별자치도 횡성군 둔내면 고원로 451,True,False
3348343,횡성,위드제이,숙박 > 펜션/민박 > 펜션,강원특별자치도 횡성군 우천면 하궁로263번길 22-28,True,False
138696,횡성,제너두,숙박 > 펜션/민박 > 펜션,강원특별자치도 횡성군 둔내면 산촌2길 60,True,False
2720873,횡성,태기산장모텔,숙박 > 모텔 > 모텔,강원특별자치도 횡성군 둔내면 경강로둔방11길 8,True,False
658851,횡성,티파니모텔,숙박 > 모텔 > 모텔,강원특별자치도 횡성군 둔내면 고원남로 141,True,False
2380368,횡성,펜션별을쏘다,숙박 > 펜션/민박 > 펜션,강원특별자치도 횡성군 서원면 월송석화로 98-35,True,False
136990,횡성,호텔 휘닉스,숙박 > 모텔 > 모텔,강원특별자치도 횡성군 우천면 서동로 116,True,False
3532981,횡성,캠프이노베이션,숙박 > 호스텔 > 게스트하우스,강원특별자치도 횡성군 공근면 학담서로 137,True,False
